appid,split,cv_fold
357330,train,0
437550,test,-1
483850,train,4
515010,train,2
554710,test,-1
582330,train,4
585020,train,2
589050,train,4
600610,train,3
611190,train,3
615120,train,3
640340,train,2
645200,train,2
659540,train,0
692890,train,2
704000,test,-1
718190,train,2
721700,train,3
727130,train,0
794350,train,1
809310,train,4
809540,test,-1
841600,train,4
877010,train,2
880870,train,4
882190,train,0
882590,test,-1
915230,train,2
973070,test,-1
980210,train,0
981430,train,1
992300,train,3
1004370,train,2
1015190,train,4
1016360,train,0
1027650,train,0
1036740,train,0
1037940,train,4
1043260,train,1
1048350,train,3
1059640,train,2
1059980,train,3
1063420,train,3
1093320,train,3
1094590,train,4
1094960,test,-1
1095290,train,4
1098610,train,4
1100930,train,1
1115610,train,4
1120400,train,1
1124080,train,3
1131240,test,-1
1134610,train,4
1135810,train,4
1140150,train,3
1144130,train,0
1145350,train,0
1147860,test,-1
1153150,train,0
1156820,train,2
1160770,train,2
1162470,test,-1
1163740,train,1
1166940,train,1
1167680,train,1
1168870,train,4
1174030,train,2
1175360,train,3
1182420,train,2
1183010,train,3
1184820,train,3
1188930,train,4
1189490,test,-1
1197260,train,2
1207320,train,4
1220010,test,-1
1226510,test,-1
1227280,train,3
1228320,train,4
1232100,train,0
1232580,train,1
1234240,train,0
1239950,train,1
1241380,train,1
1245430,train,0
1248800,train,4
1253920,train,1
1256530,train,0
1258800,train,2
1260590,train,0
1264420,test,-1
1266060,train,3
1266430,train,2
1266630,train,2
1269710,train,0
1274230,train,0
1280380,train,2
1280930,train,1
1285060,train,1
1286580,train,0
1289750,train,1
1290750,train,2
1291540,train,4
1295630,train,2
1296450,test,-1
1296610,test,-1
1296660,train,0
1296830,train,1
1299620,train,2
1303050,train,2
1303350,train,0
1304090,train,0
1304130,test,-1
1309510,train,3
1311570,train,1
1313140,train,4
1314770,train,0
1318820,train,3
1323470,train,3
1331340,train,1
1331420,test,-1
1332340,train,3
1334500,train,2
1336380,train,4
1338490,train,4
1344210,train,3
1347970,test,-1
1351900,test,-1
1354990,train,3
1355620,train,4
1359730,train,0
1363210,train,4
1366260,train,0
1367300,train,1
1370940,train,1
1372430,train,1
1372660,train,3
1374230,train,3
1375900,train,1
1379600,train,2
1380520,train,2
1385380,test,-1
1387570,train,2
1389200,test,-1
1390700,train,1
1393420,test,-1
1393570,test,-1
1394130,train,0
1397130,train,0
1401400,train,1
1402120,train,4
1404850,test,-1
1409700,train,4
1411700,test,-1
1419070,train,3
1419510,train,2
1421290,train,0
1423670,train,0
1425000,train,3
1440150,test,-1
1443100,train,1
1448970,train,1
1454010,train,1
1454730,train,1
1457080,train,3
1461810,train,0
1464170,train,0
1466100,train,4
1470390,train,4
1473350,train,4
1476400,test,-1
1479140,train,3
1487270,test,-1
1491200,train,4
1491460,train,0
1493520,train,0
1494450,train,3
1494810,train,2
1499770,train,2
1515640,train,3
1518220,train,1
1518690,train,3
1520420,train,0
1534980,train,4
1535100,train,2
1537480,train,4
1538640,train,4
1543960,train,2
1546690,train,1
1554970,train,3
1564350,test,-1
1568030,train,1
1569240,train,1
1569580,test,-1
1570830,train,0
1571960,train,3
1573630,train,4
1575830,test,-1
1576080,train,3
1579880,test,-1
1579890,test,-1
1582380,train,0
1589570,train,0
1590160,train,4
1590390,train,2
1591380,train,3
1591690,train,2
1598910,test,-1
1600910,train,0
1602370,train,3
1604210,train,4
1608290,train,1
1608660,test,-1
1608710,train,2
1610500,train,3
1610890,test,-1
1611420,train,3
1615740,train,1
1618380,test,-1
1619570,train,3
1622560,train,0
1625340,train,0
1625930,train,2
1632140,train,3
1638390,train,4
1640640,train,0
1640810,train,4
1641240,train,1
1643180,train,1
1643850,train,0
1646790,test,-1
1649630,train,1
1650200,train,3
1650860,test,-1
1651520,train,0
1653160,train,3
1656310,train,0
1660890,train,0
1661920,train,0
1664670,train,4
1668290,train,2
1668620,train,3
1668690,train,0
1670530,train,0
1671180,train,4
1673940,train,4
1674890,train,3
1677090,train,1
1677580,train,2
1678320,train,2
1679360,train,4
1683100,train,4
1689090,train,1
1689350,train,4
1694310,test,-1
1694420,train,0
1698350,train,1
1702990,train,3
1704120,train,3
1706920,train,0
1708950,test,-1
1709050,train,3
1709900,train,2
1710100,train,2
1711610,train,4
1711740,train,4
1714080,test,-1
1717090,test,-1
1719040,train,4
1721110,train,1
1724120,train,3
1724770,test,-1
1730060,test,-1
1730550,train,0
1731410,train,4
1739650,test,-1
1740720,train,1
1746820,train,1
1755740,train,1
1755830,train,4
1755870,train,2
1757300,train,0
1761380,train,0
1763250,train,3
1766010,test,-1
1766350,train,4
1766390,test,-1
1768530,test,-1
1769170,train,2
1775860,test,-1
1778200,train,2
1779760,train,4
1780450,train,2
1782460,train,0
1784630,train,1
1787920,train,2
1789670,train,0
1792700,train,0
1793330,train,0
1794680,train,4
1797510,train,3
1803400,train,3
1804270,train,4
1805680,train,1
1806030,train,3
1807090,train,4
1808210,train,2
1808320,train,0
1811430,train,4
1811940,test,-1
1812060,train,2
1812970,train,1
1813370,train,2
1815230,test,-1
1817500,train,0
1818570,train,1
1824130,train,4
1824580,train,3
1828080,train,1
1828700,train,2
1830970,train,0
1832240,train,4
1832760,train,4
1833540,train,2
1833680,train,0
1835930,test,-1
1836880,test,-1
1839680,train,3
1840790,train,3
1842410,train,0
1842510,train,1
1842610,train,0
1842730,train,4
1844130,train,3
1844150,train,3
1846390,train,0
1847150,train,1
1848710,train,4
1849310,train,1
1849800,test,-1
1850730,train,4
1855890,test,-1
1856970,train,4
1858240,test,-1
1858680,test,-1
1858760,train,4
1860410,train,0
1860600,train,1
1861190,train,4
1861940,train,1
1863750,train,2
1865930,train,4
1866880,train,4
1868140,train,2
1869070,train,0
1869310,train,2
1877650,train,1
1880160,train,0
1882040,train,2
1882550,train,3
1884750,train,1
1885200,train,3
1886080,train,4
1887990,train,3
1888000,train,1
1888450,train,0
1889620,train,1
1891940,train,4
1892750,train,1
1893890,train,2
1895820,train,0
1895860,train,0
1902300,test,-1
1902870,train,0
1903560,train,0
1904480,test,-1
1905110,train,0
1906150,test,-1
1907000,train,0
1907060,train,0
1907140,test,-1
1907380,train,2
1908500,train,0
1909040,train,2
1909760,train,3
1910780,test,-1
1911360,test,-1
1911610,train,1
1914580,train,3
1915510,train,1
1915800,train,4
1918790,train,0
1919720,train,1
1919750,test,-1
1920410,train,0
1920650,train,3
1922670,test,-1
1924010,train,4
1925860,test,-1
1926660,train,2
1928370,train,1
1929250,train,3
1929360,train,2
1929870,train,1
1929900,train,4
1931090,test,-1
1931510,test,-1
1932700,train,1
1934080,train,1
1934100,train,0
1934520,test,-1
1935100,train,1
1936990,train,1
1938850,train,4
1943740,test,-1
1944140,train,2
1944570,train,0
1945230,test,-1
1947240,train,4
1947490,train,3
1948240,train,2
1948280,test,-1
1948290,test,-1
1950080,test,-1
1950820,train,0
1951230,train,3
1951650,train,4
1951660,test,-1
1952930,train,1
1953020,train,0
1954930,train,3
1955030,train,4
1955120,train,0
1955390,train,1
1955640,train,4
1955830,train,2
1960330,train,0
1962560,test,-1
1964330,train,3
1964500,train,3
1965620,train,2
1966110,train,4
1969100,train,3
1969430,train,2
1970520,test,-1
1974560,train,3
1976230,train,4
1977030,train,3
1979200,test,-1
1979570,train,1
1980770,train,2
1981050,test,-1
1982050,train,2
1983120,train,3
1987260,train,3
1989140,test,-1
1989560,test,-1
1990110,train,1
1990730,train,1
1993150,train,0
1994960,test,-1
1995090,train,3
1995330,test,-1
1995780,train,3
1997980,train,4
1998350,train,4
1998450,train,1
1999470,train,0
2001280,train,4
2001460,train,1
2002220,train,3
2003050,test,-1
2009380,train,1
2009620,train,1
2009860,train,2
2010390,train,3
2010420,train,4
2012270,train,2
2013080,train,0
2015860,train,2
2018840,test,-1
2022030,train,3
2023500,train,2
2025930,train,0
2027350,train,1
2027510,train,1
2027570,train,2
2027970,train,2
2050450,test,-1
2050590,test,-1
2054770,train,0
2055270,test,-1
2056110,train,0
2056490,train,4
2058570,test,-1
2060550,train,2
2060670,train,4
2061150,train,1
2061300,train,3
2062430,train,3
2062920,test,-1
2064320,train,1
2066420,train,3
2066490,train,1
2068120,train,3
2068220,train,1
2068460,train,1
2071280,train,4
2071390,train,0
2071430,test,-1
2072360,train,4
2072980,train,0
2073490,train,1
2073970,train,4
2074480,train,1
2074710,train,4
2074910,train,4
2076810,train,3
2078230,train,2
2081860,train,3
2082410,test,-1
2083240,test,-1
2083900,test,-1
2084230,test,-1
2086060,train,1
2086140,train,2
2086840,train,3
2086910,train,2
2087940,train,3
2088250,test,-1
2088570,train,3
2088650,test,-1
2089830,train,4
2089920,train,0
2090040,train,2
2091750,train,1
2092850,train,4
2093910,test,-1
2094230,train,3
2094910,test,-1
2095740,train,2
2095890,train,0
2096480,train,0
2096510,test,-1
2096620,train,4
2097030,train,0
2097230,train,2
2097620,test,-1
2097720,train,0
2098560,train,1
2099220,train,3
2100050,train,0
2100150,train,0
2100200,train,1
2100300,test,-1
2100810,test,-1
2102320,train,2
2102330,train,4
2103140,test,-1
2106170,test,-1
2106670,train,2
2106910,train,1
2107040,train,3
2107810,train,0
2109020,train,3
2109700,train,1
2111190,train,4
2112200,test,-1
2112820,train,2
2113040,train,1
2113050,train,2
2113770,train,0
2114240,train,3
2114330,train,2
2114380,test,-1
2116520,train,0
2116770,train,1
2118250,train,4
2118370,test,-1
2118500,train,2
2118580,train,0
2118810,test,-1
2119580,train,1
2123120,train,0
2124480,train,0
2125420,train,2
2126370,train,0
2127230,train,1
2128270,test,-1
2128310,train,1
2128810,test,-1
2129810,train,2
2134560,test,-1
2135870,train,4
2136220,train,0
2136400,train,4
2136550,train,0
2138710,train,3
2138930,train,2
2139440,train,2
2141330,train,0
2141710,test,-1
2142300,train,0
2144220,test,-1
2144460,train,3
2145190,train,4
2145720,test,-1
2146180,train,4
2147050,train,3
2147530,train,4
2147680,test,-1
2148060,train,1
2149430,test,-1
2150180,train,2
2150310,train,2
2150910,train,2
2151580,train,2
2152780,train,3
2153900,train,0
2154240,test,-1
2155280,train,2
2158130,train,0
2158810,train,0
2158850,train,3
2159900,train,2
2160380,test,-1
2161430,train,0
2166820,train,2
2168880,train,4
2169300,train,1
2171010,train,3
2171270,train,0
2172120,train,3
2175450,train,4
2180350,train,1
2184470,train,2
2185180,train,4
2185190,test,-1
2185780,train,0
2186010,test,-1
2186580,train,4
2187130,train,3
2188790,train,2
2190230,train,3
2191770,train,2
2193540,test,-1
2194820,train,2
2195650,train,2
2196790,train,0
2197030,test,-1
2198680,train,4
2199060,train,0
2202010,train,0
2202690,test,-1
2202770,train,2
2205260,train,4
2206230,train,3
2206240,train,3
2206270,train,1
2206700,test,-1
2211110,test,-1
2211390,train,4
2212410,train,4
2212500,train,1
2213430,test,-1
2213990,train,1
2214010,train,3
2215340,train,0
2216130,test,-1
2216660,train,4
2218270,train,2
2218400,test,-1
2218980,train,4
2219370,train,2
2219880,test,-1
2220320,train,3
2220480,train,2
2220870,test,-1
2221090,train,1
2221100,train,1
2222830,train,3
2223170,train,4
2225870,train,3
2226700,train,2
2226730,train,3
2228010,test,-1
2230560,test,-1
2231060,train,2
2231230,train,0
2232100,train,0
2235090,train,1
2236590,train,1
2240200,train,4
2241390,train,0
2242220,test,-1
2246110,train,4
2249550,train,3
2251010,train,4
2252960,train,1
2253560,train,4
2255350,train,0
2256160,train,3
2256260,train,4
2257560,train,1
2258480,train,3
2258890,train,2
2259340,train,0
2260050,train,3
2260260,train,1
2261750,test,-1
2263510,train,2
2266780,train,3
2269320,train,0
2269530,test,-1
2269540,train,3
2270120,train,4
2270220,train,4
2270750,train,0
2271030,train,3
2271110,train,4
2273430,test,-1
2273980,train,3
2275350,train,1
2276960,train,3
2278550,train,2
2278830,train,1
2279220,train,3
2281300,train,0
2281650,train,4
2281820,train,1
2283940,test,-1
2284510,train,1
2286110,train,2
2286260,train,2
2286450,test,-1
2286790,train,1
2286830,train,3
2287150,train,2
2287990,train,3
2288470,test,-1
2288880,train,2
2289390,train,3
2289650,train,1
2289750,train,4
2290200,train,2
2292810,train,1
2294330,train,4
2296550,train,2
2296870,train,1
2298950,test,-1
2304190,train,1
2305500,train,0
2305900,train,3
2306530,train,1
2311990,train,4
2316700,train,2
2316950,train,4
2317960,train,1
2318590,test,-1
2318630,train,4
2318810,train,3
2320280,train,1
2321210,train,0
2321350,test,-1
2321770,train,0
2323080,train,0
2323550,train,3
2323980,test,-1
2324380,train,0
2325040,train,4
2325920,train,0
2327600,test,-1
2329160,test,-1
2330870,train,4
2331080,train,4
2331710,train,0
2331920,test,-1
2332210,train,0
2332260,train,3
2332410,train,2
2334170,train,2
2334500,train,2
2335130,test,-1
2336160,test,-1
2336580,train,3
2336590,train,3
2336730,train,1
2340510,test,-1
2340860,train,1
2341760,test,-1
2342690,train,0
2343920,train,1
2343960,train,3
2345170,train,1
2345550,train,0
2346160,train,1
2346230,train,4
2348090,train,4
2348280,test,-1
2349180,train,3
2350810,train,4
2352040,train,0
2352710,train,4
2353680,train,2
2354040,train,0
2354560,train,3
2354600,test,-1
2354920,test,-1
2356390,train,4
2358060,test,-1
2358360,train,2
2360290,train,2
2360860,test,-1
2361450,train,4
2362010,train,2
2362630,train,2
2365860,train,3
2369880,test,-1
2369950,train,1
2370380,train,0
2372350,train,3
2372950,train,4
2374320,test,-1
2375570,train,1
2375730,test,-1
2376740,train,0
2377320,train,0
2377620,train,4
2378120,test,-1
2379780,train,1
2380320,train,1
2382090,train,4
2382210,train,1
2386560,train,0
2387310,train,3
2388460,train,3
2388820,train,2
2389260,train,4
2393890,train,3
2393900,train,1
2395360,train,2
2396300,test,-1
2396380,test,-1
2396830,test,-1
2397630,train,2
2398430,train,3
2398660,train,0
2399310,train,0
2400160,train,0
2400960,train,3
2403940,train,1
2404010,test,-1
2404070,train,2
2404170,train,3
2404510,train,0
2406360,train,0
2407160,train,2
2407200,train,1
2407240,train,2
2407620,train,3
2409540,test,-1
2409690,test,-1
2411560,test,-1
2412110,test,-1
2412280,train,3
2416050,test,-1
2416290,train,2
2416920,train,4
2421310,train,0
2421480,test,-1
2423300,train,3
2424650,train,3
2426640,train,3
2427050,test,-1
2427450,train,1
2427700,train,1
2428020,train,2
2428310,test,-1
2428750,train,1
2429160,train,2
2433820,train,0
2433850,train,0
2434090,train,0
2435090,train,3
2436190,test,-1
2437080,train,4
2438770,test,-1
2442260,test,-1
2442960,test,-1
2443090,train,2
2443160,test,-1
2444010,test,-1
2445870,test,-1
2447120,train,3
2447310,train,4
2447340,test,-1
2448270,test,-1
2449080,train,3
2450480,train,0
2451720,train,4
2451820,train,2
2452100,train,2
2452320,train,2
2452350,train,1
2452820,train,4
2452890,train,1
2455060,train,1
2455110,train,2
2455500,train,2
2455920,train,3
2456130,test,-1
2456160,train,3
2456330,train,3
2456340,train,4
2457000,train,1
2457890,train,4
2459180,train,1
2460660,train,1
2461580,train,3
2462090,train,0
2462570,test,-1
2464530,train,2
2464880,train,2
2465060,test,-1
2468610,test,-1
2469490,train,1
2471060,test,-1
2472180,train,1
2474750,train,4
2475020,train,1
2475550,train,3
2476020,train,3
2476730,train,4
2480000,train,0
2480590,train,3
2480740,train,4
2481670,train,2
2481920,test,-1
2482010,train,1
2482130,train,1
2483730,train,1
2484060,train,1
2485430,train,2
2488430,train,0
2488510,train,2
2489460,train,1
2489670,train,1
2490080,test,-1
2490160,train,4
2490750,train,0
2491130,train,0
2492410,train,4
2494810,test,-1
2496160,train,2
2497840,train,4
2497850,train,4
2499520,train,1
2499590,train,4
2500460,test,-1
2500680,test,-1
2501600,train,2
2503890,train,3
2506440,train,2
2506450,train,0
2507400,train,3
2507870,train,1
2508890,train,1
2509370,train,4
2510760,train,0
2510850,train,3
2512430,train,3
2514910,train,1
2516820,train,0
2516980,train,4
2516990,train,0
2517330,test,-1
2517560,train,0
2517810,test,-1
2518630,train,2
2522270,test,-1
2522940,train,2
2523250,train,0
2526010,train,2
2526880,train,0
2527600,train,1
2527750,test,-1
2527880,train,4
2529580,train,3
2531340,train,3
2531940,test,-1
2534660,train,4
2536960,train,1
2537300,train,2
2538100,train,4
2539180,train,3
2539880,train,3
2540810,train,0
2541310,train,1
2541990,train,3
2542140,train,0
2543510,train,4
2544620,train,4
2549160,test,-1
2549380,train,4
2553160,train,3
2553840,train,3
2554690,train,1
2555830,train,1
2558240,train,2
2559500,train,1
2560260,test,-1
2560520,train,0
2563140,train,1
2563550,train,4
2563800,train,2
2563960,train,0
2564520,train,0
2566140,train,3
2568050,train,1
2568600,train,1
2569170,train,1
2569330,train,0
2571270,train,3
2571500,train,4
2574030,test,-1
2577020,train,0
2577320,test,-1
2577850,train,2
2578800,test,-1
2579550,train,2
2581750,train,1
2582470,train,1
2582540,test,-1
2583330,train,4
2583760,test,-1
2589470,train,1
2591290,train,3
2591360,train,3
2591950,train,2
2595770,train,4
2596530,train,3
2597020,train,4
2597710,train,3
2598050,train,4
2598800,train,3
2598860,train,0
2599420,test,-1
2599700,train,1
2602290,train,0
2606550,train,0
2607260,train,2
2607730,train,3
2608350,train,4
2608400,train,3
2610320,test,-1
2611750,train,2
2614700,train,0
2614790,test,-1
2615010,train,2
2616090,train,0
2618840,train,3
2619900,train,2
2620530,train,0
2620610,train,0
2621150,test,-1
2621160,train,4
2621980,train,1
2625970,train,4
2626860,test,-1
2628230,train,2
2629280,test,-1
2630080,train,4
2631650,test,-1
2633080,train,3
2635500,train,1
2636410,test,-1
2636910,test,-1
2637960,train,0
2638210,train,4
2639840,test,-1
2640910,train,0
2643010,train,2
2643090,train,3
2644230,train,1
2644610,train,3
2645100,train,3
2645670,train,0
2646250,test,-1
2648990,train,3
2649470,train,2
2649800,test,-1
2651760,train,2
2656350,test,-1
2657310,train,3
2658030,train,0
2658490,train,3
2659970,test,-1
2662810,test,-1
2664720,train,0
2666000,train,4
2666230,train,2
2667100,test,-1
2669440,train,2
2674970,train,0
2679760,train,3
2685060,train,4
2686360,train,2
2687110,train,1
2688600,train,4
2688680,test,-1
2688900,train,2
2689470,train,1
2689870,train,3
2691050,train,0
2692030,train,3
2694230,train,2
2696390,train,1
2697390,train,2
2697430,train,1
2701020,train,3
2704510,train,4
2704720,train,1
2708710,train,0
2713070,train,2
2715370,train,2
2716270,test,-1
2717450,train,4
2719650,train,1
2722640,train,3
2723220,train,3
2723480,train,1
2725860,train,0
2726180,train,0
2726350,train,3
2726450,train,2
2726870,train,0
2727040,train,0
2727550,train,1
2728950,train,0
2730680,train,1
2734180,train,1
2735630,train,3
2735950,train,1
2739800,train,3
2741110,train,2
2742830,test,-1
2744410,train,3
2746030,train,4
2746220,train,3
2746910,test,-1
2747820,test,-1
2750540,train,1
2750920,train,4
2751120,train,2
2752250,train,2
2752720,test,-1
2754370,train,1
2757630,test,-1
2758280,test,-1
2759160,train,2
2760790,train,0
2761340,train,0
2761610,train,1
2766770,train,0
2769070,test,-1
2769700,train,1
2770460,train,2
2773160,train,3
2774490,test,-1
2776450,train,2
2780310,test,-1
2781720,test,-1
2782530,train,0
2783290,test,-1
2783850,train,1
2784470,train,3
2784620,train,0
2784910,train,1
2786160,train,1
2787610,train,3
2787630,train,4
2788000,train,1
2788310,train,4
2788990,test,-1
2790020,test,-1
2790180,test,-1
2791210,train,4
2792960,test,-1
2794050,train,3
2795230,train,3
2796210,train,4
2797650,test,-1
2799740,train,4
2800280,train,4
2800510,train,2
2800770,train,1
2800840,test,-1
2803280,train,3
2807240,train,0
2808270,test,-1
2810270,test,-1
2811200,train,2
2812610,train,4
2814280,test,-1
2814760,train,1
2815610,train,1
2816710,train,1
2816940,train,4
2817910,test,-1
2820310,train,4
2820820,test,-1
2823320,train,1
2824490,test,-1
2824730,train,2
2824780,train,2
2827200,train,0
2827780,train,1
2829910,train,3
2831910,train,0
2834520,test,-1
2834690,train,4
2835570,train,0
2836250,train,1
2836750,test,-1
2837280,train,2
2837330,train,4
2837340,train,1
2839040,train,4
2839290,train,1
2842150,train,3
2842490,train,2
2843640,train,0
2844450,test,-1
2848740,train,4
2849070,test,-1
2849230,train,2
2850100,train,3
2851110,train,2
2853160,train,2
2853180,train,4
2854350,train,2
2856370,train,2
2856490,train,0
2860270,train,0
2862890,train,3
2866960,test,-1
2868860,train,0
2870150,train,1
2870340,train,1
2870430,test,-1
2870580,test,-1
2870950,train,1
2873800,test,-1
2875300,train,0
2875780,train,1
2876720,train,2
2876860,train,0
2877790,train,1
2881360,train,0
2881430,test,-1
2881660,train,1
2881800,train,0
2882930,train,2
2884080,train,3
2884150,test,-1
2884590,test,-1
2885480,train,3
2886470,train,4
2889980,test,-1
2890940,train,1
2891120,train,4
2892040,train,0
2892060,train,1
2892660,train,3
2899930,train,3
2900530,train,1
2901040,train,2
2906660,train,2
2908120,train,3
2908840,train,4
2909250,train,2
2910990,test,-1
2917350,train,2
2918600,test,-1
2920970,train,4
2924580,train,2
2925270,test,-1
2929730,test,-1
2932020,train,3
2933930,train,4
2934190,train,2
2934220,train,0
2935650,train,2
2936130,train,0
2942700,train,3
2943390,train,1
2945350,train,4
2946260,test,-1
2949320,train,1
2951580,train,4
2952070,train,4
2952190,train,2
2953030,train,0
2955220,test,-1
2955410,train,2
2955500,test,-1
2955960,train,4
2958670,train,2
2958790,train,3
2959000,train,1
2959310,train,2
2960500,train,4
2960560,train,3
2960700,test,-1
2961480,test,-1
2963830,train,4
2964410,train,2
2965140,train,4
2968260,test,-1
2969710,train,3
2971360,test,-1
2973520,train,1
2974620,train,3
2975180,train,1
2976160,train,1
2979650,train,2
2979690,train,2
2980550,train,1
2981030,test,-1
2981070,train,1
2987080,train,2
2987110,train,1
2987250,train,3
2991250,train,2
2992190,train,0
2992470,train,2
2996540,train,0
2997060,train,0
2997110,train,1
2998040,train,1
2998990,train,2
2999180,train,2
2999990,train,1
3003820,train,2
3005620,test,-1
3007290,test,-1
3008240,train,1
3008800,train,1
3011360,train,1
3016690,train,4
3017170,train,3
3017540,train,3
3019160,train,4
3019360,train,0
3021000,train,3
3021630,train,4
3021720,train,0
3023170,train,0
3024640,train,2
3025160,test,-1
3025740,train,4
3026450,train,3
3027710,train,2
3027970,test,-1
3028310,train,0
3030010,train,4
3031590,test,-1
3032830,train,2
3033600,train,0
3040150,train,3
3040180,train,1
3040270,train,0
3040560,train,2
3044180,train,0
3045660,train,3
3046050,test,-1
3048660,train,4
3050100,train,3
3050600,train,2
3052500,train,2
3052700,test,-1
3054210,train,3
3054610,test,-1
3055000,train,0
3055780,train,2
3057190,train,2
3057470,test,-1
3057760,test,-1
3059390,train,0
3060970,train,3
3061550,test,-1
3061690,train,2
3063070,train,0
3063190,train,2
3063750,train,4
3064290,train,4
3065500,train,3
3065920,test,-1
3066570,train,1
3068380,train,3
3069320,train,0
3069690,train,3
3070340,train,2
3072680,train,4
3073350,train,2
3073480,test,-1
3073820,train,0
3074110,train,4
3075740,train,4
3081270,train,2
3081280,train,3
3082690,train,1
3084740,train,1
3085620,train,2
3087810,test,-1
3088040,train,2
3088410,train,2
3088420,train,1
3090570,train,2
3091390,train,3
3092540,train,4
3093050,train,0
3093400,train,4
3094740,train,2
3095600,train,1
3095890,train,1
3096270,train,0
3096620,train,3
3097330,train,2
3101710,train,1
3101770,train,0
3107590,train,4
3108000,train,1
3109580,test,-1
3110250,train,4
3112030,train,2
3112170,test,-1
3113890,train,4
3115890,train,0
3120880,test,-1
3121430,test,-1
3123120,test,-1
3126220,train,3
3128280,train,0
3132780,train,0
3136590,test,-1
3139190,train,0
3139930,train,2
3140120,train,4
3141720,train,4
3143100,train,4
3144770,train,2
3145320,train,1
3149430,train,2
3151420,test,-1
3151760,test,-1
3152290,train,3
3152460,train,3
3156010,train,4
3157680,train,3
3158260,train,2
3159440,train,1
3160160,test,-1
3160500,train,3
3161850,test,-1
3162110,train,3
3166200,train,2
3167020,train,4
3167100,test,-1
3167520,train,1
3167970,train,3
3168820,train,3
3169180,train,0
3172400,train,4
3173250,train,0
3173930,train,4
3174160,test,-1
3176850,train,4
3177210,train,0
3177890,test,-1
3177920,train,1
3177970,test,-1
3178660,train,2
3178910,train,0
3180270,train,3
3180460,train,4
3180680,train,0
3181670,test,-1
3183360,train,3
3183500,train,0
3185010,train,0
3187880,train,1
3188970,train,3
3190430,test,-1
3191030,train,4
3191110,train,4
3201010,train,0
3201070,train,1
3201570,train,1
3201630,train,0
3202950,train,2
3205840,test,-1
3206010,train,0
3206200,train,4
3209020,train,0
3211750,train,3
3214070,train,3
3214220,train,0
3214620,test,-1
3218090,train,1
3218150,train,4
3229860,train,1
3232040,train,3
3234700,train,2
3236280,train,4
3238670,train,1
3241540,train,4
3243410,test,-1
3246420,train,1
3247500,train,4
3247750,train,2
3252190,train,1
3252500,train,0
3255510,train,3
3257980,train,4
3265060,train,1
3265380,train,0
3270580,train,3
3272890,train,3
3273740,train,1
3274770,train,2
3277350,train,1
3278480,train,4
3283230,train,3
3288300,train,4
3292980,train,3
3293480,train,2
3295020,train,2
3295230,train,4
3297050,train,3
3300470,train,3
3300760,train,0
3301260,train,0
3303150,train,0
3308190,test,-1
3308920,train,2
3310170,train,0
3314790,train,3
3315330,train,3
3319710,test,-1
3319720,train,3
3320390,test,-1
3320850,train,4
3323300,train,0
3324320,train,1
3330200,test,-1
3330530,train,1
3332000,test,-1
3333460,train,1
3338600,train,0
3339350,test,-1
3339780,train,2
3343940,test,-1
3346990,train,4
3347250,train,2
3347620,train,3
3349840,train,3
3349850,train,4
3349860,train,3
3352240,train,4
3353100,train,4
3353830,train,1
3354320,train,3
3361510,train,0
3363560,test,-1
3363570,train,0
3366070,test,-1
3370500,test,-1
3371510,train,1
3374340,train,4
3376140,test,-1
3376950,train,1
3380820,train,4
3381780,train,3
3382610,train,0
3383290,train,2
3383940,train,3
3385370,train,2
3386380,train,0
3388220,train,3
3389700,train,1
3391190,test,-1
3393180,train,2
3393750,train,3
3396310,train,1
3398740,train,2
3399400,train,1
3399950,train,1
3405340,train,4
3405540,train,1
3406600,test,-1
3406850,train,4
3410640,train,3
3411020,train,0
3414630,train,0
3415340,test,-1
3417900,train,1
3419220,train,1
3419450,train,1
3422860,train,0
3423650,train,0
3423840,test,-1
3424020,train,4
3424740,train,0
3424920,train,0
3427090,train,4
3430570,test,-1
3431280,train,1
3432500,train,1
3432800,train,4
3434300,test,-1
3435920,train,3
3437060,train,1
3438900,train,0
3439030,test,-1
3439320,test,-1
3440750,train,0
3442280,train,4
3443440,train,3
3449040,train,2
3449690,test,-1
3449900,train,0
3456300,train,1
3456970,train,2
3458600,train,4
3458620,train,3
3461730,train,2
3463910,test,-1
3464970,train,0
3469750,train,0
3470340,train,0
3471350,test,-1
3472840,train,4
3480790,train,1
3480990,train,3
3484560,train,2
3490820,train,2
3492360,train,3
3496500,train,0
3498680,test,-1
3499540,test,-1
3503050,train,3
3503440,train,3
3509950,train,3
3510060,train,1
3514820,train,1
3516420,train,3
3519530,train,2
3519780,test,-1
3525880,train,1
3530200,test,-1
3530230,test,-1
3530490,test,-1
3538820,train,4
3546240,train,4
3549120,test,-1
3549210,train,2
3551370,train,2
3552840,train,2
3553210,train,2
3557270,train,0
3558190,train,1
3558350,train,4
3564270,train,2
3565670,train,2
3566580,train,2
3566940,train,4
3573070,test,-1
3573920,train,1
3574160,train,1
3575930,train,2
3582020,train,4
3585160,train,2
3586660,train,0
3589350,test,-1
3594280,train,4
3596030,test,-1
3596100,train,3
3600960,test,-1
3603660,train,4
3609260,train,2
3610940,test,-1
3613450,train,4
3613610,train,1
3616450,train,4
3617620,test,-1
3619760,test,-1
3620430,train,4
3621050,train,2
3621320,train,3
3624520,train,0
3625870,train,2
3631290,test,-1
3631830,train,4
3635080,train,4
3636470,test,-1
3639280,train,1
3639970,train,0
3640750,train,3
3641420,test,-1
3644040,train,2
3647600,test,-1
3649580,train,3
3650230,train,3
3651010,test,-1
3651490,train,0
3658670,train,1
3661160,train,2
3661610,train,1
3666980,train,2
3667230,test,-1
3667720,train,1
3668480,train,4
3669450,train,4
3669690,test,-1
3669940,train,1
3671880,train,1
3672440,train,2
3676260,train,2
3682370,test,-1
3682760,train,1
3682910,train,1
3683850,train,2
3686580,test,-1
3686730,train,4
3688590,train,4
3689390,train,0
3689520,test,-1
3689670,test,-1
3693590,train,4
3693720,train,2
3698060,train,0
3703380,train,1
3703960,train,2
3712860,test,-1
3713260,train,2
3714550,train,4
3720630,test,-1
3720650,train,0
3723720,train,3
3726500,train,4
3730600,train,4
3734140,train,4
3745850,test,-1
3751810,test,-1
3752220,train,3
3755570,train,0
3760160,train,4
3767340,train,1
3772810,train,0
3777060,train,3
3779500,test,-1
3782480,train,3
3783540,test,-1
3797300,test,-1
3805100,train,4
3812620,train,4
3813260,train,1
3818230,train,2
3820810,train,3
3821350,train,4
3822720,train,1
3822990,train,1
3823430,train,2
3824820,train,3
3826020,test,-1
3828280,train,3
3832630,test,-1
3832740,test,-1
3837100,train,4
3838120,train,4
3839300,train,4
3840890,test,-1
3843850,train,2
3844180,train,3
3853330,train,4
3854780,train,0
3860590,train,1
3861280,train,4
3861590,train,0
3862650,train,4
3868720,train,0
3870130,test,-1
3874490,train,3
3876470,train,3
3879060,test,-1
3880250,test,-1
3885240,train,3
3885520,train,1
3887070,train,1
3887360,test,-1
3889600,train,2
3889950,train,4
3890990,train,3
3894020,train,3
3898150,train,0
3899040,test,-1
3909120,train,2
3911080,train,2
3912370,train,2
3925760,train,0
3926770,train,4
3930170,test,-1
3931240,train,3
3936260,train,2
3936880,train,2
3940800,train,3
3943850,train,1
3944070,test,-1
3950030,train,3
3952930,train,2
3953060,train,0
3956470,train,0
3959110,test,-1
3964430,train,2
3964490,train,4
3965190,train,0
3966010,train,4
3966360,train,2
3975720,train,2
3981230,train,0
3992020,test,-1
3997440,train,4
3997630,train,2
4001380,train,4
4005560,train,1
4007610,train,0
4014630,train,4
4015860,train,1
4029300,train,0
4045890,train,0
4050920,train,0
4056480,train,1
4066790,train,2
4067130,train,0
4073560,train,3
4091250,test,-1
4093550,train,3
4106860,train,4
4124170,train,0
4132800,train,1
4140790,train,2
4147140,train,2
4152840,train,1
4158400,train,3
4171420,train,4
4188270,train,3
4189910,train,3
4209630,test,-1
4217660,train,2
