component,explained_variance_ratio,explained_variance_percent,cumulative_explained_variance,cumulative_explained_variance_percent
1,0.012580567591282413,1.2580567591282412,0.012580567591282413,1.2580567591282412
2,0.08350441315154523,8.350441315154523,0.09608498074282765,9.608498074282764
3,0.039305007668020545,3.9305007668020546,0.1353899884108482,13.53899884108482
4,0.035497066271501246,3.5497066271501247,0.17088705468234944,17.088705468234945
5,0.030159408139820026,3.0159408139820028,0.20104646282216945,20.104646282216944
6,0.025545244297427678,2.554524429742768,0.22659170711959714,22.659170711959714
7,0.023431181702608238,2.3431181702608237,0.25002288882220536,25.002288882220537
8,0.022837754887153238,2.2837754887153237,0.2728606437093586,27.286064370935858
9,0.019670238831115162,1.9670238831115163,0.29253088254047377,29.253088254047377
10,0.01745394375865326,1.745394375865326,0.30998482629912705,30.998482629912704
11,0.016804147040972002,1.6804147040972002,0.32678897334009904,32.6788973340099
12,0.015437752701054226,1.5437752701054226,0.3422267260411533,34.22267260411533
13,0.014783508175220204,1.4783508175220204,0.3570102342163735,35.70102342163735
14,0.014338934732040376,1.4338934732040376,0.3713491689484139,37.13491689484139
15,0.013324898463931359,1.3324898463931358,0.3846740674123453,38.46740674123453
16,0.012769613160018428,1.276961316001843,0.3974436805723637,39.744368057236365
17,0.01242650024862799,1.242650024862799,0.4098701808209917,40.98701808209917
18,0.011374726511186872,1.1374726511186872,0.42124490733217856,42.124490733217854
19,0.010815385450525062,1.0815385450525061,0.43206029278270364,43.206029278270364
20,0.010605275310232145,1.0605275310232145,0.4426655680929358,44.266556809293576
21,0.010397638633484491,1.0397638633484492,0.45306320672642025,45.30632067264202
22,0.010015121926161389,1.001512192616139,0.46307832865258164,46.30783286525816
23,0.009471621834456214,0.9471621834456214,0.47254995048703785,47.25499504870378
24,0.00936061557162078,0.936061557162078,0.4819105660586586,48.19105660586586
25,0.009061615615077121,0.9061615615077121,0.49097218167373574,49.097218167373576
26,0.009004198335677659,0.9004198335677659,0.4999763800094134,49.99763800094134
27,0.008630659027105688,0.8630659027105688,0.508607039036519,50.8607039036519
28,0.008227681835530508,0.8227681835530508,0.5168347208720495,51.683472087204954
29,0.008105403131099953,0.8105403131099953,0.5249401240031495,52.49401240031495
30,0.007614640586688813,0.7614640586688812,0.5325547645898383,53.25547645898383
31,0.007390865086590124,0.7390865086590124,0.5399456296764285,53.99456296764284
32,0.007256405362188487,0.7256405362188487,0.547202035038617,54.7202035038617
33,0.007194025062445054,0.7194025062445054,0.554396060101062,55.4396060101062
34,0.006951504772806481,0.695150477280648,0.5613475648738685,56.13475648738685
35,0.006778153339628455,0.6778153339628455,0.568125718213497,56.8125718213497
36,0.006519744277102654,0.6519744277102655,0.5746454624905997,57.464546249059964
37,0.00648699375594849,0.648699375594849,0.5811324562465482,58.113245624654816
38,0.006447567633304639,0.644756763330464,0.5875800238798529,58.758002387985286
39,0.006195593601521686,0.6195593601521686,0.5937756174813745,59.37756174813745
40,0.0060279913241021625,0.6027991324102162,0.5998036088054767,59.980360880547664
41,0.005885936541708191,0.5885936541708191,0.6056895453471849,60.568954534718486
42,0.00581777761570511,0.581777761570511,0.61150732296289,61.150732296289
43,0.005674399971168717,0.5674399971168717,0.6171817229340587,61.71817229340587
44,0.005617102260513057,0.5617102260513057,0.6227988251945717,62.279882519457175
45,0.005503596855622667,0.5503596855622667,0.6283024220501944,62.83024220501944
46,0.005426531324365228,0.5426531324365228,0.6337289533745596,63.37289533745596
47,0.005284048868343256,0.5284048868343256,0.6390130022429028,63.90130022429028
48,0.005155085460276999,0.5155085460276999,0.6441680877031798,64.41680877031799
49,0.004984585045655473,0.4984585045655473,0.6491526727488353,64.91526727488352
50,0.0048520245325650215,0.48520245325650213,0.6540046972814003,65.40046972814004
51,0.004767732481536035,0.4767732481536035,0.6587724297629364,65.87724297629364
52,0.004739259659821649,0.47392596598216485,0.6635116894227581,66.3511689422758
53,0.00457609489384549,0.457609489384549,0.6680877843166035,66.80877843166036
54,0.004500670841237443,0.45006708412374424,0.6725884551578409,67.25884551578409
55,0.00433049197638102,0.433049197638102,0.676918947134222,67.6918947134222
56,0.004320886046259636,0.4320886046259636,0.6812398331804816,68.12398331804816
57,0.004236481199967795,0.42364811999677954,0.6854763143804494,68.54763143804495
58,0.004128306454701684,0.41283064547016846,0.6896046208351511,68.96046208351511
59,0.004103919191436728,0.4103919191436728,0.6937085400265878,69.37085400265877
60,0.0040767394553554385,0.40767394553554387,0.6977852794819432,69.77852794819432
61,0.003971754106603943,0.3971754106603943,0.7017570335885472,70.17570335885472
62,0.003941062091665766,0.39410620916657657,0.705698095680213,70.5698095680213
63,0.0038583429727960823,0.3858342972796082,0.7095564386530091,70.95564386530091
64,0.003815171307302642,0.3815171307302642,0.7133716099603118,71.33716099603117
65,0.003720277128993196,0.37202771289931963,0.7170918870893049,71.7091887089305
66,0.0036799618917520136,0.3679961891752014,0.720771848981057,72.0771848981057
67,0.003639597991545091,0.3639597991545091,0.7244114469726021,72.44114469726021
68,0.0035734579017981495,0.35734579017981494,0.7279849048744003,72.79849048744002
69,0.0035199219223158167,0.3519921922315817,0.7315048267967161,73.15048267967161
70,0.0034491895907253407,0.34491895907253406,0.7349540163874415,73.49540163874416
71,0.0034440119035849775,0.34440119035849776,0.7383980282910265,73.83980282910265
72,0.0033963840563247384,0.3396384056324738,0.7417944123473512,74.17944123473512
73,0.00328765381171501,0.328765381171501,0.7450820661590662,74.50820661590663
74,0.003275403199360549,0.3275403199360549,0.7483574693584268,74.83574693584268
75,0.0032470696076672347,0.32470696076672345,0.751604538966094,75.1604538966094
76,0.0031761576184954235,0.3176157618495423,0.7547806965845895,75.47806965845895
77,0.0031239981108895838,0.31239981108895837,0.757904694695479,75.7904694695479
78,0.0030991293828284833,0.3099129382828483,0.7610038240783076,76.10038240783076
79,0.003010937314223098,0.30109373142230983,0.7640147613925307,76.40147613925306
80,0.0029660567661831095,0.29660567661831094,0.7669808181587138,76.69808181587138
81,0.0029078498070013786,0.29078498070013786,0.7698886679657152,76.98886679657151
82,0.00288558949648832,0.288558949648832,0.7727742574622035,77.27742574622035
83,0.0028428608259664897,0.28428608259664895,0.77561711828817,77.56171182881701
84,0.0027958444110073354,0.27958444110073355,0.7784129626991774,77.84129626991773
85,0.0027427479821578674,0.27427479821578676,0.7811557106813353,78.11557106813353
86,0.0026917379118034193,0.2691737911803419,0.7838474485931387,78.38474485931387
87,0.0026282198039899404,0.262821980398994,0.7864756683971287,78.64756683971287
88,0.002606747362383866,0.2606747362383866,0.7890824157595125,78.90824157595125
89,0.002569544329444657,0.2569544329444657,0.7916519600889572,79.16519600889572
90,0.00253992110790993,0.253992110790993,0.7941918811968671,79.41918811968671
91,0.0024959008727180455,0.24959008727180454,0.7966877820695851,79.6687782069585
92,0.002475293886702327,0.2475293886702327,0.7991630759562874,79.91630759562874
93,0.0024544526778022186,0.24544526778022185,0.8016175286340896,80.16175286340896
94,0.002390063311637865,0.23900633116378647,0.8040075919457275,80.40075919457274
95,0.002310362621716285,0.2310362621716285,0.8063179545674437,80.63179545674437
96,0.0022941817998236944,0.22941817998236944,0.8086121363672674,80.86121363672673
97,0.0022746394640221945,0.22746394640221945,0.8108867758312895,81.08867758312896
98,0.0022675301799361092,0.22675301799361092,0.8131543060112256,81.31543060112256
99,0.0022268203610995665,0.22268203610995665,0.8153811263723252,81.53811263723252
100,0.002209454813340726,0.2209454813340726,0.8175905811856659,81.75905811856659
101,0.0021700079435337328,0.21700079435337327,0.8197605891291996,81.97605891291995
102,0.002139549244057575,0.2139549244057575,0.8219001383732571,82.19001383732572
103,0.002117552024781837,0.21175520247818372,0.824017690398039,82.4017690398039
104,0.0020723224384925727,0.20723224384925726,0.8260900128365315,82.60900128365314
105,0.002052771268934734,0.20527712689347338,0.8281427841054663,82.81427841054662
106,0.002045592273926983,0.20455922739269827,0.8301883763793932,83.01883763793933
107,0.001994513443041041,0.1994513443041041,0.8321828898224343,83.21828898224342
108,0.001979744095753071,0.19797440957530713,0.8341626339181873,83.41626339181873
109,0.001959463097586145,0.19594630975861452,0.8361220970157734,83.61220970157734
110,0.001935528576234742,0.19355285762347418,0.8380576255920081,83.80576255920082
111,0.0019214120712589813,0.19214120712589813,0.8399790376632671,83.99790376632671
112,0.0019068754294759283,0.19068754294759283,0.841885913092743,84.1885913092743
113,0.0018735593910582944,0.18735593910582943,0.8437594724838012,84.37594724838013
114,0.0018426765664461976,0.18426765664461975,0.8456021490502474,84.56021490502475
115,0.0018174893029626767,0.18174893029626768,0.8474196383532101,84.74196383532102
116,0.0018032815737082872,0.18032815737082872,0.8492229199269183,84.92229199269184
117,0.0017797714094391062,0.17797714094391062,0.8510026913363574,85.10026913363575
118,0.0017702748328422286,0.17702748328422285,0.8527729661691996,85.27729661691995
119,0.0017559588756968284,0.17559588756968283,0.8545289250448964,85.45289250448964
120,0.0017364947374696876,0.17364947374696876,0.8562654197823661,85.62654197823662
121,0.0017349170859268426,0.17349170859268426,0.858000336868293,85.80003368682931
122,0.0017136878361278711,0.17136878361278712,0.8597140247044209,85.97140247044209
123,0.001678202195591149,0.16782021955911489,0.861392226900012,86.1392226900012
124,0.001658561001342542,0.1658561001342542,0.8630507879013546,86.30507879013545
125,0.001641969638044205,0.1641969638044205,0.8646927575393988,86.46927575393988
126,0.0016170646633696867,0.16170646633696867,0.8663098222027684,86.63098222027685
127,0.0015834494802835963,0.15834494802835963,0.867893271683052,86.78932716830519
128,0.001572193040765978,0.1572193040765978,0.8694654647238179,86.9465464723818
129,0.0015536047337803718,0.15536047337803718,0.8710190694575983,87.10190694575984
130,0.0015261197447332105,0.15261197447332106,0.8725451892023315,87.25451892023315
131,0.0015190196176463348,0.15190196176463347,0.8740642088199778,87.40642088199778
132,0.0015089146572933479,0.1508914657293348,0.8755731234772711,87.5573123477271
133,0.001493461445267525,0.14934614452675252,0.8770665849225386,87.70665849225387
134,0.0014594580821211845,0.14594580821211844,0.8785260430046599,87.85260430046598
135,0.0014287209403687148,0.14287209403687148,0.8799547639450286,87.99547639450286
136,0.001418283755399796,0.14182837553997962,0.8813730477004283,88.13730477004283
137,0.0014070568895933981,0.14070568895933983,0.8827801045900218,88.27801045900218
138,0.0013979446674177332,0.13979446674177332,0.8841780492574395,88.41780492574395
139,0.0013746480384110688,0.13746480384110688,0.8855526972958505,88.55526972958505
140,0.0013521528663735856,0.13521528663735857,0.8869048501622241,88.69048501622241
141,0.0013285667444848878,0.13285667444848878,0.888233416906709,88.8233416906709
142,0.0013234553149793276,0.13234553149793277,0.8895568722216883,88.95568722216883
143,0.0012878686903638826,0.12878686903638825,0.8908447409120522,89.08447409120522
144,0.0012864177628449413,0.12864177628449414,0.8921311586748972,89.21311586748972
145,0.00127476539890439,0.127476539890439,0.8934059240738016,89.34059240738016
146,0.0012531211423453888,0.1253121142345389,0.894659045216147,89.4659045216147
147,0.0012476664240704532,0.12476664240704531,0.8959067116402175,89.59067116402176
148,0.001232720866278572,0.1232720866278572,0.8971394325064961,89.7139432506496
149,0.0012193534758279045,0.12193534758279045,0.898358785982324,89.8358785982324
150,0.0012018814022698927,0.12018814022698926,0.8995606673845938,89.95606673845938
151,0.0011810068160199938,0.11810068160199938,0.9007416742006138,90.07416742006139
152,0.001174766357358957,0.11747663573589569,0.9019164405579727,90.19164405579727
153,0.0011576307488305958,0.11576307488305958,0.9030740713068033,90.30740713068033
154,0.0011442658228441249,0.11442658228441249,0.9042183371296474,90.42183371296474
