component,top_positive_terms,top_negative_terms
t_01,"good, game, good game, fun, great, fun game, great game, like, really, play, love, just","nubbing number, dang aw, dive daver, gamble gamble, robot billionaires, uses magnifying, gud gam, boing, personalize, gambling aw, cobain pov, nubbing rn"
t_02,"fun, game, fun game, great, great game, like, love, play, really, just, 10, game fun","good, good game, game good, pretty good, really good, good good, good stuff, good time, yes good, good like, gambling good, damn good"
t_03,"fun, good, fun game, really fun, good game, good fun, game fun, pretty fun, super fun, fun friends, fun play, super","great game, great, game, love, 10, like, love game, just, 10 10, amazing, play, best"
t_04,"great game, great, fun, good game, fun game, game, great fun, game great, game fun, good, good fun, fun friends","love, like, 10, just, 10 10, play, really, games, time, love game, best, played"
t_05,"love, game, good game, love game, fun game, gambling, love gambling, amazing game, game love, amazing, best game, nice game","good, great, great game, like, 10, just, really, fun, time, pretty, play, gameplay"
t_06,"love, good, love game, great, great game, gambling, love gambling, fun, game love, good fun, nubby, balls","good game, game, 10, fun game, 10 10, best, nice, amazing, like, best game, amazing game, nice game"
t_07,"10, 10 10, game 10, love, fun, great game, gambling, 10 game, great, good, 10 recommend, shot","like, really, just, game, play, nice, time, games, lot, don, feel, feels"
t_08,"good game, fun, like, great, great game, love, gambling, just, lot, gameplay, games, friends","fun game, game, good, game good, amazing, amazing game, nice, nice game, best game, best, cool game, cool"
t_09,"gambling, like, fun game, love gambling, let gambling, let, lets gambling, like game, good game, lets, game like, great game","amazing, nice, amazing game, best, nice game, fun, love game, best game, play, game, love, game fun"
t_10,"gambling, love gambling, nice, let gambling, best, nice game, amazing, let, lets gambling, lets, best game, amazing game","like, fun game, love, love game, like game, 10, good game, game like, 10 10, great game, rogue like, rogue"
t_11,"nice, nice game, like, cool, game nice, like game, 10, really nice, really, love, 10 10, game like","best, best game, amazing, played, amazing game, ve, ve played, games, fun game, play, gambling, best games"
t_12,"like, amazing, amazing game, game, fun, best, like game, best game, game amazing, game fun, game like, good","fun game, good game, really, play, just, time, really fun, great, worth, run, nice, gameplay"
t_13,"best, best game, played, like, nice, ve played, games, ve, nice game, best games, games ve, game ve","amazing, amazing game, play, really, game amazing, just, fun game, gambling, cool, really fun, game play, worth"
t_14,"cool, cool game, game, pretty, awesome, really, game fun, awesome game, pretty good, pretty cool, game good, pretty fun","fun game, amazing, nice, amazing game, best, good game, play, nice game, great, friends, games, played"
t_15,"play, friends, game play, play friends, fun play, like, play game, fun friends, game fun, game, awesome, game good","amazing, really, amazing game, fun game, good game, nice, best, pretty, gameplay, cool, really fun, great"
