component,explained_variance_ratio,cumulative
1,0.009682048,0.009682048
2,0.009924852,0.0196069
3,0.008170369,0.02777727
4,0.0055538183,0.03333109
5,0.005147716,0.038478807
6,0.00491084,0.04338965
7,0.0046467343,0.04803638
8,0.0035718358,0.051608216
9,0.0028903016,0.054498516
10,0.0028086563,0.057307173
11,0.002748569,0.06005574
12,0.0026614864,0.06271723
13,0.002615301,0.06533253
14,0.00233871,0.06767124
15,0.002273152,0.06994439
16,0.0021762385,0.07212063
17,0.0021028516,0.07422348
18,0.001937948,0.07616143
19,0.0018373972,0.077998824
20,0.0017261017,0.07972492
21,0.001694049,0.08141897
22,0.0016833954,0.08310236
23,0.0016503229,0.08475269
24,0.0016303014,0.086382985
25,0.0015716478,0.08795463
26,0.0015469164,0.08950155
27,0.0015127927,0.09101435
28,0.0014743732,0.09248872
29,0.0014358487,0.09392457
30,0.0014013089,0.09532587
31,0.0013825933,0.09670847
32,0.0013509879,0.09805946
33,0.0013253186,0.09938478
34,0.001302568,0.10068735
35,0.0012612296,0.101948574
36,0.001254737,0.10320331
37,0.0012385763,0.10444189
38,0.0012252149,0.10566711
39,0.0012194453,0.10688655
40,0.0012076565,0.10809421
41,0.0011906337,0.10928484
42,0.0011845581,0.1104694
43,0.0011659011,0.111635305
44,0.0011420673,0.112777375
45,0.0011296539,0.11390703
46,0.0011015777,0.11500861
47,0.0011012035,0.11610981
48,0.0010859913,0.1171958
49,0.0010652328,0.11826103
50,0.00106308,0.11932411
51,0.0010492828,0.12037339
52,0.0010455393,0.12141893
53,0.0010376388,0.12245657
54,0.001027892,0.12348446
55,0.0010175437,0.124502
56,0.0010094377,0.12551144
57,0.0010078467,0.12651928
58,0.0009984841,0.12751776
59,0.0009861327,0.12850389
60,0.00097242126,0.12947631
61,0.0009662109,0.13044252
62,0.000956463,0.13139898
63,0.0009467754,0.13234575
64,0.00093705236,0.13328281
65,0.00092481775,0.13420762
66,0.0009227206,0.13513035
67,0.0009206627,0.13605101
68,0.0009127069,0.13696373
69,0.0009071601,0.13787088
70,0.00090104336,0.13877192
71,0.0009004934,0.13967241
72,0.000894548,0.14056696
73,0.00089086866,0.14145783
74,0.0008790455,0.14233688
75,0.00086571614,0.14320259
76,0.00086170266,0.14406429
77,0.00085442094,0.14491871
78,0.00084886176,0.14576757
79,0.00083411374,0.14660168
80,0.00082118704,0.14742287
81,0.00081911654,0.14824198
82,0.0008140951,0.14905608
83,0.0008109758,0.14986706
84,0.0008040311,0.1506711
85,0.00079968397,0.15147078
86,0.0007946692,0.15226544
87,0.00079258427,0.15305802
88,0.0007842646,0.15384229
89,0.0007788082,0.1546211
90,0.0007760077,0.1553971
91,0.00076982786,0.15616693
92,0.000762876,0.1569298
93,0.0007565612,0.15768637
94,0.0007520604,0.15843843
95,0.0007413935,0.15917982
96,0.00073837844,0.1599182
97,0.00073565706,0.16065386
98,0.00073116174,0.16138501
99,0.0007288396,0.16211386
100,0.00072596845,0.16283983
101,0.0007202537,0.16356008
102,0.0007151123,0.16427518
103,0.0007111672,0.16498636
104,0.0007054092,0.16569176
105,0.0007041229,0.16639589
106,0.00070081395,0.1670967
107,0.000695607,0.1677923
108,0.0006931342,0.16848543
109,0.0006893119,0.16917475
110,0.00068363885,0.16985838
111,0.0006814298,0.17053981
112,0.0006786501,0.17121845
113,0.00067690597,0.17189535
114,0.00067128445,0.17256664
115,0.000668871,0.1732355
116,0.0006665129,0.17390202
117,0.000663187,0.17456521
118,0.000658961,0.17522417
119,0.0006574424,0.17588161
120,0.00065587636,0.17653748
121,0.00065156975,0.17718905
122,0.000648245,0.1778373
123,0.00064724527,0.17848454
124,0.00064275,0.17912729
125,0.0006397755,0.17976707
126,0.0006377255,0.1804048
127,0.0006364519,0.18104126
128,0.00063363364,0.18167488
129,0.0006324633,0.18230735
130,0.0006313244,0.18293867
131,0.00063062704,0.1835693
132,0.0006224147,0.18419172
133,0.00061886525,0.18481058
134,0.0006175761,0.18542816
135,0.00061650825,0.18604466
136,0.0006133846,0.18665805
137,0.00061181077,0.18726987
138,0.00060740986,0.18787728
139,0.00060420675,0.1884815
140,0.0006025307,0.18908402
141,0.00059758045,0.1896816
142,0.0005932506,0.19027485
143,0.00059305545,0.1908679
144,0.00059156964,0.19145948
145,0.0005885057,0.19204798
146,0.00058687746,0.19263487
147,0.00058599794,0.19322087
148,0.0005857685,0.19380663
149,0.0005817971,0.19438843
150,0.0005795558,0.19496799
151,0.0005770026,0.19554499
152,0.00057107717,0.19611606
153,0.0005689089,0.19668497
154,0.000565855,0.19725083
155,0.0005647329,0.19781557
156,0.00056276034,0.19837832
157,0.000561343,0.19893967
158,0.00055896805,0.19949864
159,0.00055525213,0.20005389
160,0.000554755,0.20060864
161,0.00055112963,0.20115978
162,0.0005471523,0.20170693
163,0.00054621755,0.20225315
164,0.00054317166,0.20279633
165,0.0005411213,0.20333745
166,0.0005412145,0.20387866
167,0.0005389076,0.20441756
168,0.0005355064,0.20495306
169,0.00053511024,0.20548818
170,0.0005338101,0.20602198
171,0.00052930263,0.20655128
172,0.0005287516,0.20708004
173,0.0005267738,0.2076068
174,0.0005263958,0.2081332
175,0.0005225265,0.20865573
176,0.0005210317,0.20917676
177,0.0005192974,0.20969605
178,0.00051894964,0.210215
179,0.0005162144,0.21073122
180,0.0005136542,0.21124488
181,0.0005129955,0.21175788
182,0.0005100356,0.21226792
183,0.0005068862,0.21277481
184,0.0005055633,0.21328038
185,0.0005013866,0.21378176
186,0.000500201,0.21428196
187,0.00049940473,0.21478136
188,0.0004984478,0.2152798
189,0.00049525447,0.21577506
190,0.00049365946,0.21626872
191,0.00049168745,0.21676041
192,0.00049122307,0.21725163
193,0.0004893059,0.21774094
194,0.00048584983,0.21822679
195,0.00048602532,0.21871282
196,0.00048426638,0.2191971
197,0.0004817046,0.2196788
198,0.0004792749,0.22015809
199,0.00047716618,0.22063525
200,0.00047488773,0.22111014
201,0.00047463074,0.22158477
202,0.00047207903,0.22205685
203,0.0004714717,0.22252832
204,0.00046899304,0.22299732
205,0.00046848186,0.2234658
206,0.00046671042,0.2239325
207,0.0004658406,0.22439834
208,0.0004633285,0.22486167
209,0.0004617897,0.22532345
210,0.00046130625,0.22578476
211,0.00045751635,0.22624227
212,0.0004571071,0.22669938
213,0.0004548363,0.22715423
214,0.00045469703,0.22760892
215,0.00045239486,0.22806132
216,0.00044977237,0.2285111
217,0.0004490519,0.22896014
218,0.0004479783,0.22940812
219,0.00044659842,0.22985472
220,0.0004456842,0.2303004
221,0.00044493316,0.23074533
222,0.00044336723,0.2311887
223,0.00044136157,0.23163006
224,0.00044029948,0.23207036
225,0.00043862642,0.23250899
226,0.00043758226,0.23294657
227,0.0004371829,0.23338376
228,0.00043413136,0.23381789
229,0.00043273222,0.23425062
230,0.0004321068,0.23468272
231,0.0004317689,0.2351145
232,0.0004281808,0.23554268
233,0.0004270223,0.2359697
234,0.0004257574,0.23639546
235,0.00042286483,0.23681833
236,0.00042222833,0.23724055
237,0.0004194182,0.23765998
238,0.00041874623,0.23807873
239,0.00041729698,0.23849602
240,0.00041547127,0.2389115
241,0.0004149111,0.2393264
242,0.00041408162,0.23974049
243,0.00041416413,0.24015465
244,0.00041160025,0.24056625
245,0.00041145302,0.2409777
246,0.00040902727,0.24138673
247,0.00040849322,0.24179523
248,0.00040724696,0.24220248
249,0.0004072143,0.2426097
250,0.00040620763,0.2430159
251,0.00040453044,0.24342044
252,0.00040304146,0.24382348
253,0.00040103294,0.24422452
254,0.00039906873,0.24462359
255,0.00039747552,0.24502106
256,0.00039556905,0.24541663
257,0.00039464925,0.24581127
258,0.0003942162,0.24620548
259,0.00039333923,0.24659882
260,0.00039112743,0.24698995
261,0.00038952005,0.24737947
262,0.0003883618,0.24776784
263,0.000386964,0.2481548
264,0.00038644747,0.24854125
265,0.00038423605,0.24892549
266,0.0003825031,0.24930799
267,0.00038093678,0.24968892
268,0.00037969832,0.25006863
269,0.0003784703,0.2504471
270,0.0003773258,0.25082442
271,0.00037633185,0.25120077
272,0.00037521744,0.25157598
273,0.00037379493,0.25194976
274,0.00037246823,0.25232223
275,0.00037035663,0.25269258
276,0.0003707615,0.25306335
277,0.00036947042,0.2534328
278,0.00036769407,0.2538005
279,0.00036650975,0.25416702
280,0.00036404224,0.25453106
281,0.00036379855,0.25489485
282,0.0003631459,0.255258
283,0.00036076532,0.25561875
284,0.00036022253,0.25597897
285,0.00035906842,0.25633803
286,0.00035719806,0.25669524
287,0.00035688753,0.25705212
288,0.00035547174,0.2574076
289,0.00035493006,0.25776252
290,0.00035363724,0.25811616
291,0.0003531998,0.25846934
292,0.00035119316,0.25882053
293,0.00035013157,0.25917065
294,0.0003487227,0.25951937
295,0.00034774496,0.2598671
296,0.000345713,0.2602128
297,0.00034310043,0.26055592
298,0.0003423781,0.2608983
299,0.0003413805,0.26123968
300,0.0003422834,0.26158196
