tag,games,struggling_rate,ci_low,ci_high,strong_rate,base_rate
Comedy,56,0.017857142857142856,0.003159128964463985,0.0944585817919329,0.5535714285714286,0.1385390428211587
Twin Stick Shooter,55,0.01818181818181818,0.003216697592252786,0.09606000460483224,0.45454545454545453,0.1385390428211587
Old School,41,0.024390243902439025,0.00431842027071648,0.12595347011678087,0.5121951219512195,0.1385390428211587
2D Platformer,63,0.031746031746031744,0.00874934404029698,0.10856681834959193,0.47619047619047616,0.1385390428211587
Resource Management,75,0.04,0.013695816001486477,0.11113168623083756,0.29333333333333333,0.1385390428211587
Space,71,0.056338028169014086,0.022124161220470236,0.1360980039924595,0.4084507042253521,0.1385390428211587
Minimalist,69,0.057971014492753624,0.022772020303367495,0.13979442524423166,0.37681159420289856,0.1385390428211587
Cartoon,67,0.05970149253731343,0.023458971433043548,0.1436970498877623,0.31343283582089554,0.1385390428211587
Funny,117,0.06837606837606838,0.0350512906011003,0.12914382101609115,0.4700854700854701,0.1385390428211587
Management,58,0.06896551724137931,0.027143807598168326,0.16433894834605045,0.27586206896551724,0.1385390428211587
Turn-Based Strategy,157,0.07006369426751592,0.039569380258200004,0.12109552235405951,0.31210191082802546,0.1385390428211587
Futuristic,56,0.07142857142857142,0.028125581246379636,0.16975682831486205,0.30357142857142855,0.1385390428211587
Retro,161,0.07453416149068323,0.04314758976698398,0.1257515230783172,0.515527950310559,0.1385390428211587
Bullet Heaven,65,0.07692307692307693,0.03330301045885137,0.16776146218559615,0.3076923076923077,0.1385390428211587
Turn-Based Tactics,141,0.0851063829787234,0.04935325776791658,0.14286776160773243,0.2978723404255319,0.1385390428211587
FPS,46,0.08695652173913043,0.03433531187670748,0.20324935635224178,0.41304347826086957,0.1385390428211587
Turn-Based,91,0.08791208791208792,0.0452196666692631,0.16398810713463732,0.3956043956043956,0.1385390428211587
Sci-fi,133,0.09022556390977443,0.05236602199372364,0.15109257539186668,0.37593984962406013,0.1385390428211587
Pixel Graphics,435,0.09425287356321839,0.07023785183469704,0.12537168016956146,0.43448275862068964,0.1385390428211587
Hand-drawn,82,0.0975609756097561,0.05026808709378501,0.18087392330676672,0.35365853658536583,0.1385390428211587
2D,658,0.09878419452887538,0.0782620615227395,0.12396396960011528,0.4012158054711246,0.1385390428211587
Turn-Based Combat,172,0.09883720930232558,0.06262714203260492,0.15257563137255062,0.29651162790697677,0.1385390428211587
Deckbuilding,260,0.1,0.06915882043083266,0.14248938061100455,0.3384615384615385,0.1385390428211587
Relaxing,78,0.10256410256410256,0.05289271527803498,0.18954633772190638,0.41025641025641024,0.1385390428211587
Building,48,0.10416666666666667,0.045321050901178245,0.2216768812614093,0.2916666666666667,0.1385390428211587
Shooter,172,0.10465116279069768,0.06722702717226192,0.15934961908209427,0.436046511627907,0.1385390428211587
Roguelike Deckbuilder,152,0.10526315789473684,0.06583727213184384,0.16415009966105354,0.3684210526315789,0.1385390428211587
Procedural Generation,264,0.10606060606060606,0.07440408335810325,0.14901752105286203,0.4166666666666667,0.1385390428211587
Cartoony,84,0.10714285714285714,0.05739956319523237,0.1912480024228802,0.44047619047619047,0.1385390428211587
Tower Defense,84,0.10714285714285714,0.05739956319523237,0.1912480024228802,0.25,0.1385390428211587
Colorful,193,0.10880829015544041,0.07227552456564579,0.16061020690575048,0.37823834196891193,0.1385390428211587
Platformer,55,0.10909090909090909,0.050966556283051315,0.21825793795231957,0.4,0.1385390428211587
Card Game,201,0.10945273631840796,0.07339905292586807,0.16015506889313744,0.30845771144278605,0.1385390428211587
Tactical,127,0.11023622047244094,0.06680938916575475,0.17655052083228873,0.28346456692913385,0.1385390428211587
Cute,187,0.11229946524064172,0.07463279899357167,0.165574786773892,0.44919786096256686,0.1385390428211587
Card Battler,149,0.11409395973154363,0.07246525159271658,0.17512179277216838,0.31543624161073824,0.1385390428211587
Gore,43,0.11627906976744186,0.050703529948620846,0.24479448890641395,0.3953488372093023,0.1385390428211587
Strategy,471,0.11677282377919321,0.09082123445225344,0.1489252410039829,0.3248407643312102,0.1385390428211587
Loot,75,0.12,0.06443298969072164,0.2125984251968504,0.25333333333333335,0.1385390428211587
Controller,196,0.12244897959183673,0.08368161619441335,0.1757318392623084,0.3979591836734694,0.1385390428211587
Roguelite,823,0.1227217496962333,0.10204076045223756,0.1469084941571096,0.3511543134872418,0.1385390428211587
Bullet Hell,268,0.12313432835820895,0.08903673551757685,0.16788347095560463,0.3619402985074627,0.1385390428211587
Perma Death,146,0.1232876712328767,0.07942558334491104,0.18646586469088147,0.4315068493150685,0.1385390428211587
Fantasy,377,0.1246684350132626,0.09506127203631401,0.1618476370744554,0.33421750663129973,0.1385390428211587
RTS,40,0.125,0.05459419773541284,0.26112420670238146,0.2,0.1385390428211587
Dungeon Crawler,159,0.12578616352201258,0.08292190587236173,0.18630659593553014,0.4088050314465409,0.1385390428211587
Action-Adventure,95,0.12631578947368421,0.07375581468316135,0.2079231544958079,0.35789473684210527,0.1385390428211587
Strategy RPG,71,0.1267605633802817,0.0681445057945265,0.22369318874968427,0.23943661971830985,0.1385390428211587
Difficult,172,0.12790697674418605,0.0860057037323345,0.18606643391882427,0.42441860465116277,0.1385390428211587
Choices Matter,117,0.1282051282051282,0.07925567450958682,0.2007935800517563,0.3504273504273504,0.1385390428211587
Score Attack,70,0.12857142857142856,0.06914021991242263,0.22664968713184502,0.5,0.1385390428211587
Replay Value,163,0.12883435582822086,0.0858313831091429,0.18892982752417642,0.38650306748466257,0.1385390428211587
Auto Battler,100,0.13,0.07757093858414264,0.20980521894809878,0.26,0.1385390428211587
Roguelike,851,0.13043478260869565,0.10945784978174186,0.15473331733038745,0.34782608695652173,0.1385390428211587
Atmospheric,122,0.13114754098360656,0.08236340083536883,0.2024517954113413,0.29508196721311475,0.1385390428211587
Story Rich,91,0.13186813186813187,0.07707031566880387,0.21648862892934714,0.43956043956043955,0.1385390428211587
Medieval,113,0.13274336283185842,0.08212152163950824,0.20751504615826244,0.3185840707964602,0.1385390428211587
Singleplayer,1083,0.1348107109879963,0.11575611082418778,0.15644694066003945,0.3527239150507849,0.1385390428211587
Shoot 'Em Up,96,0.13541666666666666,0.08087629796762788,0.21801314290671706,0.3854166666666667,0.1385390428211587
Arcade,191,0.13612565445026178,0.09461688120765618,0.1919831056534659,0.49214659685863876,0.1385390428211587
Stylized,132,0.13636363636363635,0.08802774720747256,0.20526679584855737,0.42424242424242425,0.1385390428211587
Arena Shooter,51,0.13725490196078433,0.06811015331542726,0.25721952342631627,0.37254901960784315,0.1385390428211587
Indie,1179,0.13740458015267176,0.11892698994660784,0.15823742496744325,0.35368956743002544,0.1385390428211587
Top-Down,283,0.13780918727915195,0.1024750008659423,0.1828448411653391,0.35335689045936397,0.1385390428211587
Casual,424,0.1391509433962264,0.10943533302517273,0.175346698455637,0.3490566037735849,0.1385390428211587
Combat,343,0.13994169096209913,0.10720117035517873,0.18065818676922613,0.3498542274052478,0.1385390428211587
Anime,126,0.14285714285714285,0.09231305109862453,0.21453467721033043,0.36507936507936506,0.1385390428211587
Base Building,55,0.14545454545454545,0.07559199016771778,0.2616116208829674,0.2545454545454545,0.1385390428211587
Action Roguelike,553,0.14647377938517178,0.11944333869425669,0.17838211112845767,0.36347197106690776,0.1385390428211587
Action,673,0.14710252600297177,0.12234519278494609,0.17586579188266294,0.35661218424962854,0.1385390428211587
PvE,208,0.14903846153846154,0.10702514787880726,0.20378066174498718,0.35096153846153844,0.1385390428211587
Multiple Endings,52,0.15384615384615385,0.08007589590882647,0.2752434359154765,0.4230769230769231,0.1385390428211587
Cyberpunk,45,0.15555555555555556,0.07745325311328677,0.28784190511248803,0.24444444444444444,0.1385390428211587
Character Customization,77,0.15584415584415584,0.09145782358403826,0.25293912056352935,0.2597402597402597,0.1385390428211587
Puzzle,64,0.15625,0.08714748876961673,0.26428290202305327,0.53125,0.1385390428211587
Magic,154,0.16233766233766234,0.11244242622704335,0.2286691691952027,0.2792207792207792,0.1385390428211587
Top-Down Shooter,117,0.1623931623931624,0.10649722549629986,0.23975439646170138,0.358974358974359,0.1385390428211587
First-Person,86,0.16279069767441862,0.09952040412263215,0.2548989294600289,0.4069767441860465,0.1385390428211587
Simulation,138,0.16666666666666666,0.11370157206292136,0.23768758316375405,0.32608695652173914,0.1385390428211587
RPG,408,0.16666666666666666,0.13364835237021352,0.20590355302253935,0.28431372549019607,0.1385390428211587
Free to Play,130,0.16923076923076924,0.11449479772228963,0.24295460515394615,0.35384615384615387,0.1385390428211587
Dark,76,0.17105263157894737,0.10277922110932626,0.27098082377955374,0.2894736842105263,0.1385390428211587
Exploration,98,0.17346938775510204,0.11122039941721075,0.26035271019614964,0.29591836734693877,0.1385390428211587
Early Access,219,0.1780821917808219,0.1330939348178548,0.23416962817935932,0.2511415525114155,0.1385390428211587
Hack and Slash,167,0.17964071856287425,0.12882975377757394,0.2448590901573927,0.2634730538922156,0.1385390428211587
Adventure,362,0.18232044198895028,0.14595023489027487,0.22536237690674327,0.3453038674033149,0.1385390428211587
Female Protagonist,127,0.1889763779527559,0.1304078981380311,0.26580859569879145,0.3700787401574803,0.1385390428211587
Dark Fantasy,125,0.192,0.13255445195236562,0.2698124854343169,0.24,0.1385390428211587
Crafting,61,0.19672131147540983,0.11627688559536849,0.3131017848877781,0.2459016393442623,0.1385390428211587
Survival,161,0.19875776397515527,0.1444540357995828,0.26710227037555745,0.21739130434782608,0.1385390428211587
Incremental,40,0.2,0.10499864973166874,0.34757607381856676,0.275,0.1385390428211587
Co-op,80,0.2,0.1270273637929335,0.3004644779658116,0.25,0.1385390428211587
3D,247,0.20242914979757085,0.15705270036912408,0.25692010159035955,0.2874493927125506,0.1385390428211587
Demons,44,0.20454545454545456,0.11153127823467596,0.34500863681833227,0.2727272727272727,0.1385390428211587
Souls-like,42,0.21428571428571427,0.11705668531051237,0.3594013789804373,0.42857142857142855,0.1385390428211587
Horror,69,0.21739130434782608,0.13640646957336042,0.328185192334121,0.37681159420289856,0.1385390428211587
Zombies,64,0.21875,0.13502197461349755,0.3343301633077779,0.296875,0.1385390428211587
Physics,41,0.21951219512195122,0.12003040155386346,0.36705302098235293,0.4634146341463415,0.1385390428211587
Isometric,72,0.2222222222222222,0.1416732392052012,0.3309117273566856,0.19444444444444445,0.1385390428211587
Multiplayer,106,0.22641509433962265,0.1571336279648038,0.3148332771057705,0.22641509433962265,0.1385390428211587
Mythology,47,0.23404255319148937,0.13603136423924592,0.3722453225684077,0.2765957446808511,0.1385390428211587
Third Person,72,0.2361111111111111,0.15296584625945536,0.34598987197433717,0.3055555555555556,0.1385390428211587
2.5D,55,0.23636363636363636,0.14366521587457487,0.36348618721439613,0.34545454545454546,0.1385390428211587
Action RPG,135,0.24444444444444444,0.17968077622878312,0.32335001569525124,0.18518518518518517,0.1385390428211587
Open World,40,0.25,0.14186967895549518,0.40194259066970106,0.15,0.1385390428211587
Violent,47,0.2553191489361702,0.15253006046383732,0.3950844913992039,0.3404255319148936,0.1385390428211587
Post-apocalyptic,61,0.26229508196721313,0.16838645195913188,0.38436980328441556,0.2786885245901639,0.1385390428211587
Online Co-Op,64,0.265625,0.17296238569537764,0.38483106257235195,0.171875,0.1385390428211587
