factor,level,games,struggling_rate,ci_low,ci_high,strong_rate
all training games,all,1191,0.1385390428211587,0.12007808881601309,0.15932430226243618,0.3534844668345928
price tier,free,169,0.16568047337278108,0.11718666814065776,0.22903553762462098,0.33136094674556216
price tier,under $5,322,0.13354037267080746,0.10067442321459508,0.17504727714533436,0.4409937888198758
price tier,$5 to 10,352,0.1278409090909091,0.09693231924365875,0.16678502015679353,0.3778409090909091
price tier,$10 to 20,294,0.13945578231292516,0.10448917640552995,0.18372308138518834,0.25510204081632654
price tier,$20 or more,54,0.14814814814814814,0.07702971308229412,0.266003674652485,0.2777777777777778
launch,launched in Early Access,236,0.17372881355932204,0.130720567281024,0.2271889863577109,0.2711864406779661
launch,no Early Access phase,955,0.12984293193717278,0.10999831092775991,0.15265362240512842,0.3738219895287958
interface languages,1,362,0.143646408839779,0.11125365678205204,0.18352309905982048,0.38950276243093923
interface languages,2 to 3,232,0.14224137931034483,0.10310946714286862,0.19302827954813084,0.36637931034482757
interface languages,4 to 7,218,0.14220183486238533,0.1020220439541117,0.19477350746636135,0.3394495412844037
interface languages,8 or more,379,0.12928759894459102,0.09919273776715112,0.16682224075137972,0.31926121372031663
achievements,has achievements,966,0.12525879917184266,0.10585746357842479,0.1476288789335895,0.35507246376811596
achievements,none listed,225,0.19555555555555557,0.14902361984026885,0.2523090049971733,0.3466666666666667
DLC,at least one DLC,288,0.07291666666666667,0.048183230292887264,0.10889375941659901,0.3958333333333333
DLC,none,903,0.15946843853820597,0.13703844582807473,0.1847835790988805,0.3399778516057586
controller support,full,488,0.11475409836065574,0.08943463000212543,0.14609160446035194,0.38524590163934425
controller support,none listed,703,0.155049786628734,0.13017506458637587,0.18367403541000246,0.3314366998577525
