pattern,level,reviews,negative_rate
review length,under 20 characters,534885,0.06047655103433448
review length,20 to 60,358904,0.0972599915297684
review length,60 to 200,350961,0.11790483842934116
review length,"200 to 1,000",266858,0.16628693912118056
review length,"over 1,000",61828,0.22811671087533156
language,english,611516,0.09672028205312698
language,schinese,520226,0.13301718868337992
language,russian,116007,0.09693380571862042
language,koreana,53902,0.09441208118437164
language,brazilian,43005,0.04222764794791303
language,spanish,38527,0.04978326887637241
language,tchinese,36794,0.1230091862803718
language,german,34244,0.08731456605536736
