theme,share_of_reviews,negative_rate_when_mentioned,lift_vs_base,share_of_negative_reviews,share_of_negative_inside_window,share_of_negative_outside_window,mentions
(English reviews analysed),1.0,0.10204606346892782,1.0,1.0,1.0,1.0,563961
"Bugs, crashes, performance",0.05487258870737516,0.26895236864215083,2.6355976850008,0.144622067767159,0.12924288251956406,0.15334549712698456,30946
"Boring, repetitive, grindy",0.05126595633385997,0.37842418372993913,3.708366308957779,0.19011294526498695,0.1521916558644198,0.21162277715748481,28912
Price and value,0.00755903333741163,0.6624442880600516,6.49162021092328,0.04907037358818419,0.045417446828940417,0.05114239808284088,4263
"Unfair, frustrating, balance",0.04617872512460968,0.31017931881887645,3.0396010220749328,0.14036490008688096,0.07883239713860483,0.17526755807303723,26043
"Controls, camera, interface",0.03390305357994613,0.2811192468619247,2.7548269605473137,0.09339704604691572,0.13068318210187718,0.0722474878135127,19120
"Too little content, unfinished",0.03658940955136969,0.21114611097649624,2.0691254890080937,0.07570807993049522,0.06322915166354602,0.0827864164919256,20635
"Online, servers, multiplayer",0.03833953057037632,0.13389140690037923,1.312068318452559,0.05030408340573415,0.04056843823515291,0.05582636638435772,21622
"Monetisation, ads, DLC",0.012495544904700857,0.21583652618135377,2.1150891944702424,0.02642919200695048,0.013970905948437275,0.033495819830614636,7047
Refunds,0.007252274536714418,0.6951100244498778,6.811727966963988,0.049400521285838404,0.0855537951893994,0.028893548650635877,4090
Praise (control group),0.45239653096579374,0.0771672924815979,0.7562005809767929,0.34210251954821896,0.2520524269047962,0.3931810135889546,255134
