group,level,reviews,negative,negative_rate,ci_low,ci_high
all reviews,all,1573436,167114,0.10620959479762761,0.10572912798176773,0.10669198451537493
playtime at review,under 2 h,228899,48459,0.2117047256650313,0.21003600115800697,0.21338312689881128
playtime at review,2 to 10 h,600446,54931,0.0914836638099013,0.09075705733133707,0.092215497557251
playtime at review,10 to 50 h,565903,46105,0.08147155961357336,0.08076165215774188,0.08218714934337078
playtime at review,50 h or more,178176,17619,0.09888537176724138,0.0975079303563494,0.10028010943277114
refund window,inside (under 2 h),228899,48459,0.2117047256650313,0.21003600115800697,0.21338312689881128
refund window,outside,1344537,118655,0.08824970975138653,0.08777141229124362,0.08873036010385683
"price tier, inside window",free,21373,4698,0.2198100407055631,0.21430869172594505,0.22541209471614562
"price tier, outside window",free,24832,2490,0.10027384020618557,0.0965995128192099,0.1040718266211254
"price tier, inside window",under $5,75922,8641,0.11381417770870103,0.11157460374368075,0.11609283116032695
"price tier, outside window",under $5,164383,9516,0.05788919778809244,0.05677053856891068,0.05902852061807476
"price tier, inside window",$5 to 10,39458,9077,0.23004207004916621,0.22591581610606137,0.23422088466058516
"price tier, outside window",$5 to 10,192937,15187,0.07871481364383193,0.07752154661579831,0.07992485689361813
"price tier, inside window",$10 to 20,60721,16047,0.26427430378287575,0.2607820026267537,0.26779643009162807
"price tier, outside window",$10 to 20,685476,64273,0.09376404133769818,0.09307623726345192,0.09445639870721027
"price tier, inside window",$20 or more,31425,9996,0.318090692124105,0.3129637869284224,0.323262067479142
"price tier, outside window",$20 or more,276909,27189,0.09818749119746921,0.0970847173126246,0.09930141373778896
launch week,first 7 days,194886,22301,0.11443100068758146,0.11302524738480413,0.11585195439131965
launch week,later,1378550,144813,0.1050473323419535,0.10453658878727645,0.10556027711666605
Early Access,written in Early Access,374577,45337,0.12103519436591141,0.11999453419127222,0.12208362766205412
Early Access,after 1.0,1198859,121777,0.10157741652688097,0.1010379246484264,0.1021194617920009
summary,share of all negative reviews written inside the refund window,167114,48459,0.2899757052072238,,
summary,"share of games (n=493, 50+ reviews each side) where the window is more negative",493,465,0.9432048681541582,,
summary,median per-game gap: negative rate inside minus outside the window,493,0,0.13067987050085697,,
