appid,patch_mean_change_pp,control_mean_change_pp,patch_minus_control_pp
615120,-0.6231198968629172,1.492537313432834,-2.115657210295751
659540,0.3571428571428612,1.0338588782631177,-0.6767160211202565
692890,2.446704861564976,3.0304542081587984,-0.5837493465938226
727130,10.06493506493507,4.461538461538453,5.603396603396618
981430,0.036912861081441,-1.4710092026336485,1.5079220637150896
992300,1.4211596381786773,-0.15348630728131418,1.5746459454599915
1043260,-0.4420155703809655,-13.050418573674392,12.608403003293427
1063420,0.9879775397016815,-1.5923031640735985,2.58028070377528
1100930,-3.369963369963372,-3.448275862068968,0.07831249210559577
1135810,10.188771160638174,2.5671050958407258,7.621666064797449
1140150,-6.601509381777717,-5.255302493205722,-1.346206888571995
1147860,-1.055308528284968,0.40793472930226454,-1.4632432575872325
1163740,0.0,0.0,0.0
1184820,-1.825221238938056,-7.111111111111114,5.285889872173058
1188930,-2.802393390994652,-3.3416773391691272,0.5392839481744751
1189490,4.510834584853043,-2.914467068878835,7.425301653731879
1197260,-5.709848951400886,0.4198966408268774,-6.1297455922277635
1220010,1.8307628847358899,-2.1965388004542774,4.027301685190167
1227280,-2.7929503894416143,-2.73039089408555,-0.06255949535606442
1232580,-4.519695280564854,4.321396993810787,-8.84109227437564
1245430,-0.7341987514401325,-6.528151408929112,5.79395265748898
1253920,2.106299335694498,2.539338985892069,-0.4330396501975713
1260590,-2.316602316602328,0.12995451591943663,-2.4465568325217646
1280930,-6.548111386821063,2.6666666666666714,-9.214778053487734
1286580,1.2266762390304227,0.4236951343899686,0.802981104640454
1296610,0.4365410045147655,-2.5225097872908506,2.959050791805616
1296830,2.3132698318015272,0.45716269732803383,1.8561071344734934
1347970,6.1059907834101494,5.60381059120202,0.5021801922081295
1375900,-12.103174603174594,-9.090909090909093,-3.0122655122655004
1385380,-3.54206935594506,-1.1351220584432866,-2.406947297501773
1402120,5.860284791179045,-3.4541640189300344,9.314448810109079
1404850,-1.095602918586792,-1.5567864720230205,0.4611835534362285
1457080,4.62283759736281,-1.7356611731965117,6.358498770559322
1473350,0.849669411901175,-0.09398496240601162,0.9436543743071866
1487270,0.630131362889987,-5.280748663101598,5.910880025991585
1494810,-13.0499434297721,0.551724137931032,-13.601667567703132
1534980,-4.003653961326464,-2.775569667159047,-1.2280842941674166
1569580,-2.0321961257044947,-7.296796075638916,5.264599949934421
1579880,-2.1883289124668437,-12.29629629629629,10.107967383829447
1608290,-0.18207667056861965,1.0645044425327441,-1.2465811131013638
1618380,7.142857142857153,8.991228070175438,-1.8483709273182853
1668690,2.448253239931489,-7.012432012432008,9.460685252363497
1683100,-4.761904761904773,0.15360983102920045,-4.915514592933974
1689350,-3.631508678237637,-8.69963369963368,5.0681250213960425
1694420,-2.078412848370334,-8.409703504043122,6.331290655672788
1710100,1.5218657944645457,4.012096774193552,-2.490230979729006
1711610,3.567168671341136,-5.0145186508822945,8.58168732222343
1740720,4.176554342667302,-9.353741496598644,13.530295839265946
1755830,1.2075134168157433,-4.728132387706864,5.935645804522608
1763250,-6.560624929242621,-1.927389963554802,-4.633234965687819
1766390,-9.097547213647985,-6.004140786749488,-3.093406426898497
1769170,3.9558401802016334,1.4017962134293107,2.5540439667723227
1782460,9.09966830143901,5.935681937683398,3.163986363755612
1803400,-18.80281690140845,4.529767040552201,-23.33258394196065
1808320,3.07692307692308,-4.761904761904773,7.838827838827854
1811430,7.543520309477742,6.76100628930817,0.7825140201695717
1824580,2.8107457898957335,-5.952380952380949,8.763126742276683
1830970,-8.224617129892223,7.047619047619051,-15.272236177511274
1866880,-2.186816619806308,-1.5250544662309267,-0.6617621535753813
1868140,0.09336832005179474,-1.0762906647807569,1.1696589848325516
1904480,-5.422441468953096,1.1011134393360464,-6.523554908289142
1910780,10.073309801792007,-0.8888888888888857,10.962198690680893
1911360,-0.6934481109516923,-0.6793478260869534,-0.01410028486473891
1911610,2.791301525478744,2.962052962052965,-0.17075143657422132
1915510,-7.833333333333343,-1.242236024844729,-6.591097308488614
1929360,-2.470355731225311,3.5714285714285694,-6.0417843026538804
1929870,-22.75377070417322,-11.129032258064512,-11.624738446108708
1944570,0.026455026455029913,-0.19256756756756488,0.2190225940225948
1948280,0.6886794785687265,-0.5342184236998904,1.2228979022686168
1951230,2.172442941673708,-12.08193979933111,14.254382741004818
1955830,-1.1184048039657501,1.344978695863709,-2.463383499829459
1990110,-1.6155013709361583,-1.507109125393015,-0.10839224554314342
1993150,3.6935704514364005,-8.723404255319153,12.416974706755553
2050590,3.606719367588937,0.37878787878788955,3.2279314888010475
2062430,1.7274737423991269,-8.859377842459523,10.58685158485865
2071280,1.730043308778484,1.7506631514718478,-0.02061984269336392
2074480,-1.9607843137254974,1.2658227848101262,-3.2266070985356237
2078230,1.134079673799306,22.19551282051283,-21.061433146713522
2082410,-11.284371736860422,-4.2626728110599,-7.021698925800521
2083900,6.569543705332606,4.166666666666657,2.402877038665949
2088570,-1.4454641032473365,-3.70871442585585,2.2632503226085134
2093910,-13.095238095238102,-0.6651884700665107,-12.430049625171591
2094910,-2.7659574468084998,-2.549194991055458,-0.21676245575304165
2095890,-0.9068627450980529,0.05519715734639874,-0.9620599024444516
2097230,-2.0784837357664827,-1.1223982867788678,-0.9560854489876149
2103140,0.9448286682966369,-0.877153803815285,1.8219824721119218
2106670,-7.100631378654214,3.1411096548711157,-10.24174103352533
2111190,-0.35900074752990935,1.1165651881034033,-1.4755659356333126
2128270,1.620835006021693,-2.5,4.120835006021693
2138710,0.9671442129525047,2.9849518810148794,-2.0178076680623747
2206270,7.30243161094225,0.3703703703703738,6.932061240571876
2218400,7.443509082853339,14.247311827956977,-6.8038027451036385
2273980,0.2380952380952408,-0.297619047619051,0.5357142857142918
2288470,1.4379528985507193,3.4946236559139976,-2.0566707573632783
2289650,1.1312217194570167,-2.7272727272727337,3.8584944467297504
2289750,-3.7000959117611814,-8.858858858858866,5.158762947097685
2325920,2.9106724657076057,-1.0714285714285694,3.982101037136175
2332210,2.012383900928782,9.937888198757776,-7.925504297828994
2334170,-3.6774479397430184,0.7523939808481543,-4.429841920591173
2335130,1.4640825784705953,-6.985446985446984,8.44952956391758
2380320,-7.228915662650607,-2.1512385919165524,-5.077677070734055
2423300,-5.7394313224010745,-13.333333333333329,7.593902010932254
2435090,4.285714285714292,7.588235294117652,-3.3025210084033603
2455060,-4.129554655870436,-4.0,-0.1295546558704359
2457890,-0.33423126808339987,-1.6483516483516638,1.314120380268264
2464530,7.770468981861086,-4.972165831290027,12.742634813151113
2488510,-18.641450868393047,-19.857441409165546,1.2159905407724985
2499520,0.7232039809943487,4.578157349896479,-3.8549533689021303
2501600,-4.351087771942986,-7.839934667211111,3.488846895268125
2516820,9.375,0.0,9.375
2518630,10.472334682861003,-5.20909757887015,15.681432261731153
2523250,6.098339719029369,1.46520146520146,4.633138253827909
2531940,-0.25529575030766694,1.1904761904761898,-1.4457719407838567
2543510,5.397301349325346,10.714285714285708,-5.316984364960362
2608350,1.2085340623145413,0.9467049977885912,0.2618290645259501
2621150,14.494983689296475,4.3137254901960915,10.181258199100384
2630080,0.0,3.427419354838719,-3.427419354838719
2644610,-1.2471655328798334,19.029374201787988,-20.27653973466782
2689470,0.810493057569829,3.1907442151344583,-2.3802511575646292
2726450,0.2399552000412323,-0.6940564706461695,0.9340116706874018
2735630,-0.6797953785619768,2.6322308931004628,-3.3120262716624396
2746910,3.6674791374039444,-5.197628458498016,8.86510759590196
2770460,2.016295292157359,-0.38254755996690903,2.398842852124268
2776450,0.6117071334462594,4.979767654353225,-4.368060520906965
2788310,-1.8917170400221295,-2.3360166964818063,0.44429965645967684
2820820,-6.646760471204189,-5.123428039124363,-1.523332432079826
2835570,-4.088369786398715,-0.8941005367852028,-3.1942692496135123
2917350,-7.945472249269713,-6.864564007421137,-1.0809082418485758
2929730,4.774205893608894,2.0618556701030997,2.712350223505794
2964410,-5.599817892101086,-6.878306878306887,1.2784889862058009
3011360,-1.1139169472502886,3.582069395780986,-4.695986343031274
3028310,-2.0908690808565638,-0.028021521437892716,-2.062847559418671
3096620,-1.0492332526230825,-0.10526315789473983,-0.9439700947283427
3109580,7.56449597526796,6.39684535033372,1.1676506249342395
3151760,0.4761904761904816,3.666666666666657,-3.1904761904761756
3167020,-0.10666161499686666,-5.348124722043778,5.241463107046911
3177890,14.285714285714278,-18.095238095238095,32.38095238095237
3177920,0.2623101702715189,1.737637362637372,-1.475327192365853
3191030,1.8314450062535172,-0.9763428828443494,2.8077878890978667
3232040,-25.12820512820513,-9.85221674876847,-15.275988379436662
3247500,0.0,-0.10557432432432279,0.10557432432432279
3265060,-2.9568106312292315,1.0144927536231876,-3.971303384852419
3288300,-8.393829401088936,2.173913043478265,-10.567742444567202
3314790,-2.120216947803158,-2.75928545235476,0.6390685045516022
3339780,-0.13080444735120977,-1.1052166224580162,0.9744121751068064
3353100,-3.8888888888889,4.615384615384613,-8.504273504273513
3361510,5.371260517381494,1.8129045465849458,3.5583559707965478
3399950,0.2627049551589806,3.23456790123457,-2.971862946075589
3411020,-0.5772005772005855,3.812316715542522,-4.389517292743108
3458620,-2.5182325182325087,-10.392156862745097,7.873924344512588
3480990,1.2910798122065756,0.4281949934123759,0.8628848187941998
3503440,-4.748234221918423,0.046382189239338345,-4.794616411157762
3553210,-4.872881355932222,4.838709677419345,-9.711591033351567
3586660,-7.747466321151563,-2.901484480431847,-4.845981840719716
3617620,-3.6498561260033284,-4.181600955794508,0.5317448297911795
3631290,3.3152872337516754,1.0497617966981778,2.2655254370534976
3667230,2.484191508581759,-1.6190476190476204,4.103239127629379
3689520,5.521541950113374,2.8817914831130764,2.6397504670002974
3772810,0.5827505827505775,-4.666666666666657,5.249417249417235
3832630,-0.9188404051779955,2.3326572008113544,-3.25149760598935
3839300,3.3962264150943327,-3.516483516483518,6.912709931577851
3861280,-14.14060411654637,5.52884615384616,-19.66945027039253
3925760,0.361955878553502,-0.9066214919224507,1.2685773704759526
4189910,6.896551724137936,4.545454545454547,2.351097178683389
