before_reviews,after_reviews,before_positive_pct,after_positive_pct,positive_pct_change,appid,anchor_date,anchor_type,days_since_launch,launch_group,patch_title,matched_patch_anchor_date,calendar_gap_days,launch_day_gap,pre_positivity_gap_pp
67,37,98.50746268656717,100.0,1.492537313432834,615120,2022-09-14 00:00:00+00:00,no_patch_control,1582.6461805555555,>180 days,,2022-07-11 00:16:35+00:00,64.9884837962963,64.98848379629612,2.3536165327210057
53,73,96.22641509433963,97.26027397260275,1.0338588782631177,659540,2023-01-27 00:00:00+00:00,no_patch_control,2038.0895949074074,>180 days,,2023-04-07 14:14:04+00:00,70.59310185185186,70.59310185185177,0.91644204851751
239,77,92.46861924686193,97.40259740259741,4.933978155735474,692890,2021-09-03 00:00:00+00:00,no_patch_control,378.32649305555555,>180 days,,2021-06-18 14:48:25+00:00,76.38304398148148,76.38304398148148,2.336575558332868
202,226,96.53465346534654,97.78761061946902,1.252957154122484,692890,2023-03-10 00:00:00+00:00,no_patch_control,931.3264930555556,>180 days,,2022-12-29 16:18:58+00:00,70.32016203703704,70.32016203703711,4.6064023442703075
126,123,93.65079365079364,98.3739837398374,4.723190089043754,692890,2023-09-08 00:00:00+00:00,no_patch_control,1113.3264930555556,>180 days,,2023-11-07 13:33:16+00:00,60.56476851851852,60.56476851851858,3.081232492997202
281,320,94.30604982206405,96.5625,2.256450177935946,692890,2025-02-21 00:00:00+00:00,no_patch_control,1645.3264930555556,>180 days,,2024-11-25 16:00:55+00:00,87.33269675925926,87.3326967592593,0.1383946223803889
198,161,92.42424242424242,94.40993788819875,1.9856954639563327,692890,2026-01-23 00:00:00+00:00,no_patch_control,1981.3264930555556,>180 days,,2026-03-25 14:58:07+00:00,61.62369212962963,61.62369212962949,1.6196447230930033
25,26,84.0,88.46153846153845,4.461538461538453,727130,2020-01-08 00:00:00+00:00,no_patch_control,224.33648148148148,>180 days,,2019-11-08 17:41:06+00:00,60.263125,60.263125,2.3636363636363598
153,330,94.11764705882352,93.03030303030303,-1.0873440285204907,981430,2020-08-29 00:00:00+00:00,no_patch_control,154.45833333333334,31-180 days,,2020-06-25 17:07:03+00:00,64.28677083333334,64.28677083333335,0.326797385620921
362,187,95.58011049723757,94.6524064171123,-0.9277040801252667,981430,2021-02-20 00:00:00+00:00,no_patch_control,329.4583333333333,>180 days,,2020-12-18 13:08:09+00:00,63.45267361111111,63.452673611111095,1.1980880253274648
148,82,93.91891891891892,93.90243902439023,-0.016479894528686145,981430,2021-07-31 00:00:00+00:00,no_patch_control,490.4583333333333,>180 days,,2021-05-27 17:10:41+00:00,64.28424768518518,64.28424768518516,0.9611724400456865
61,62,86.88524590163934,93.54838709677419,6.663141195134855,981430,2022-01-01 00:00:00+00:00,no_patch_control,644.4583333333334,>180 days,,2021-10-28 17:00:47+00:00,64.29112268518519,64.2911226851852,0.8070617906683566
78,382,92.3076923076923,86.64921465968587,-5.658477648006439,981430,2022-06-25 00:00:00+00:00,no_patch_control,819.4583333333334,>180 days,,2022-08-25 14:16:04+00:00,61.59449074074074,61.59449074074075,9.467455621301767
106,43,79.24528301886792,86.04651162790698,6.8012286090390575,981430,2023-06-24 00:00:00+00:00,no_patch_control,1183.4583333333333,>180 days,,2023-04-24 17:54:32+00:00,60.253796296296294,60.25379629629629,3.158326497128783
42,24,78.57142857142857,62.5,-16.07142857142857,981430,2024-12-14 00:00:00+00:00,no_patch_control,1722.4583333333333,>180 days,,2025-02-21 09:09:16+00:00,69.38143518518518,69.38143518518518,2.5714285714285694
516,282,92.44186046511628,90.42553191489363,-2.016328550222653,992300,2021-04-08 00:00:00+00:00,no_patch_control,812.7090856481482,>180 days,,2021-01-16 05:20:01+00:00,81.7777662037037,81.77776620370378,8.848110465116278
376,236,90.1595744680851,88.13559322033898,-2.0239812477461214,992300,2021-09-02 00:00:00+00:00,no_patch_control,959.7090856481482,>180 days,,2021-07-02 11:27:49+00:00,61.52234953703704,61.52234953703703,0.6298992161254375
466,213,90.55793991416309,92.01877934272301,1.4608394285599218,992300,2022-04-21 00:00:00+00:00,no_patch_control,1190.7090856481482,>180 days,,2022-01-26 17:22:19+00:00,84.27616898148148,84.27616898148153,0.721129853278768
695,393,91.51079136690647,90.07633587786259,-1.4344554890438843,992300,2023-07-06 00:00:00+00:00,no_patch_control,1631.7090856481482,>180 days,,2023-05-01 01:33:09+00:00,65.9353125,65.93531250000001,4.534047180859972
387,128,90.69767441860465,86.71875,-3.978924418604649,992300,2023-09-21 00:00:00+00:00,no_patch_control,1708.7090856481482,>180 days,,2023-11-21 18:01:55+00:00,61.75133101851852,61.751331018518385,2.697674418604649
378,179,87.56613756613757,92.17877094972067,4.612633383583102,992300,2024-10-10 00:00:00+00:00,no_patch_control,2093.709085648148,>180 days,,2024-08-07 00:52:24+00:00,63.96361111111111,63.96361111111105,3.121693121693127
98,94,89.79591836734694,86.17021276595744,-3.625705601389498,992300,2025-12-04 00:00:00+00:00,no_patch_control,2513.709085648148,>180 days,,2026-02-06 06:18:10+00:00,64.26261574074074,64.26261574074078,0.09172208209125188
92,133,83.69565217391305,89.47368421052632,5.7780320366132685,992300,2026-05-21 00:00:00+00:00,no_patch_control,2681.709085648148,>180 days,,2026-08-06 07:34:48+00:00,77.31583333333333,77.3158333333331,0.5148741418764189
50,33,78.0,84.84848484848484,6.848484848484844,1043260,2022-09-23 00:00:00+00:00,no_patch_control,343.97969907407406,>180 days,,2022-07-15 14:31:28+00:00,69.39481481481481,69.39481481481482,0.22222222222221433
30,43,90.0,62.7906976744186,-27.209302325581397,1043260,2023-03-03 00:00:00+00:00,no_patch_control,504.97969907407406,>180 days,,2022-12-22 05:02:28+00:00,70.7899537037037,70.7899537037037,3.793103448275872
26,26,80.76923076923077,69.23076923076923,-11.538461538461547,1043260,2024-04-12 00:00:00+00:00,no_patch_control,910.9796990740741,>180 days,,2024-02-02 14:28:45+00:00,69.39670138888889,69.39670138888891,1.8394648829431333
77,32,80.51948051948052,62.5,-18.019480519480524,1043260,2024-12-06 00:00:00+00:00,no_patch_control,1148.979699074074,>180 days,,2024-09-24 06:55:28+00:00,72.71148148148148,72.71148148148131,0.4329004329004249
30,25,83.33333333333334,68.0,-15.333333333333343,1043260,2025-08-08 00:00:00+00:00,no_patch_control,1393.979699074074,>180 days,,2025-06-06 11:19:49+00:00,62.52790509259259,62.52790509259262,1.2820512820512704
211,134,85.30805687203792,82.08955223880598,-3.2185046332319445,1063420,2025-06-20 00:00:00+00:00,no_patch_control,651.3350694444445,>180 days,,2025-04-18 16:01:37+00:00,62.33221064814815,62.332210648148134,0.006628442647382826
59,100,77.96610169491525,78.0,0.03389830508474745,1063420,2026-05-22 00:00:00+00:00,no_patch_control,987.3350694444445,>180 days,,2026-02-27 16:55:56+00:00,83.29449074074074,83.2944907407408,3.828170660432491
29,29,79.3103448275862,75.86206896551724,-3.448275862068968,1100930,2020-04-04 00:00:00+00:00,no_patch_control,-867.0,<=30 days (including pre-launch),,2020-01-07 11:43:15+00:00,87.51163194444445,87.51163194444439,3.546798029556655
27,29,85.18518518518519,96.55172413793103,11.366538952745842,1135810,2023-06-25 00:00:00+00:00,no_patch_control,945.9321990740741,>180 days,,2023-04-21 03:42:44+00:00,64.84532407407407,64.84532407407414,2.8322440087146106
22,21,86.36363636363636,90.47619047619048,4.112554112554122,1135810,2023-09-24 00:00:00+00:00,no_patch_control,1036.932199074074,>180 days,,2023-12-02 03:35:41+00:00,69.1497800925926,69.14978009259266,7.196969696969703
20,45,90.0,82.22222222222221,-7.777777777777786,1135810,2024-09-29 00:00:00+00:00,no_patch_control,1407.932199074074,>180 days,,2024-12-02 20:44:28+00:00,64.86421296296297,64.86421296296294,1.3043478260869534
45,31,97.77777777777777,93.54838709677419,-4.229390681003579,1140150,2024-08-30 00:00:00+00:00,no_patch_control,744.0,>180 days,,2024-06-20 16:43:51+00:00,70.30288194444445,70.3028819444445,0.10335917312661991
40,45,90.0,97.77777777777777,7.7777777777777715,1140150,2025-06-13 00:00:00+00:00,no_patch_control,1031.0,>180 days,,2025-04-09 21:16:26+00:00,64.11358796296297,64.11358796296292,3.3333333333333286
22,35,100.0,88.57142857142857,-11.42857142857143,1140150,2025-12-05 00:00:00+00:00,no_patch_control,1206.0,>180 days,,2025-10-03 13:58:01+00:00,62.41804398148148,62.41804398148156,2.941176470588232
26,24,92.3076923076923,79.16666666666666,-13.14102564102565,1140150,2026-06-26 00:00:00+00:00,no_patch_control,1409.0,>180 days,,2026-09-13 15:31:58+00:00,79.64719907407408,79.64719907407402,7.692307692307693
92,119,92.3913043478261,93.27731092436974,0.8860065765436502,1147860,2025-06-05 00:00:00+00:00,no_patch_control,260.0,>180 days,,2025-03-16 22:17:19+00:00,80.07130787037038,80.07130787037036,0.49969091283742273
111,97,91.8918918918919,93.81443298969072,1.9225410977988133,1147860,2025-11-27 00:00:00+00:00,no_patch_control,435.0,>180 days,,2025-09-04 19:01:08+00:00,83.2075462962963,83.2075462962963,1.4414414414414267
73,51,91.78082191780823,90.19607843137256,-1.58474348643567,1147860,2026-07-30 00:00:00+00:00,no_patch_control,680.0,>180 days,,2026-05-06 20:06:18+00:00,84.16229166666666,84.16229166666665,4.13754542913054
41,20,100.0,100.0,0.0,1163740,2020-08-26 00:00:00+00:00,no_patch_control,63.54091435185185,31-180 days,,2020-06-26 19:20:29+00:00,60.1941087962963,60.1941087962963,0.0
45,25,91.11111111111111,84.0,-7.111111111111114,1184820,2021-10-20 00:00:00+00:00,no_patch_control,91.33851851851851,31-180 days,,2021-08-16 22:46:15+00:00,64.05121527777777,64.05121527777777,4.464110127826942
50,51,92.0,92.15686274509804,0.15686274509803866,1188930,2021-05-15 00:00:00+00:00,no_patch_control,511.8880902777778,>180 days,,2021-02-25 05:00:22+00:00,78.79141203703703,78.79141203703705,4.698412698412696
160,93,91.25,88.17204301075269,-3.077956989247312,1188930,2022-10-29 00:00:00+00:00,no_patch_control,1043.8880902777778,>180 days,,2022-12-31 09:07:24+00:00,63.38013888888889,63.38013888888895,3.176605504587144
74,97,93.24324324324324,81.44329896907216,-11.799944274171082,1188930,2023-05-13 00:00:00+00:00,no_patch_control,1239.8880902777778,>180 days,,2023-08-09 00:34:35+00:00,88.02401620370371,88.0240162037037,1.4376078205865497
715,421,91.32867132867133,89.54869358669833,-1.7799777419729992,1188930,2024-06-15 00:00:00+00:00,no_patch_control,1638.8880902777778,>180 days,,2024-03-28 03:56:08+00:00,78.83601851851851,78.83601851851859,3.6237532958844554
269,242,91.07806691449815,92.56198347107438,1.483916556576233,1188930,2024-08-31 00:00:00+00:00,no_patch_control,1715.8880902777778,>180 days,,2024-11-01 06:36:56+00:00,62.27564814814815,62.27564814814809,2.5389543620975985
112,134,94.64285714285714,89.55223880597015,-5.09061833688699,1188930,2025-06-21 00:00:00+00:00,no_patch_control,2009.8880902777778,>180 days,,2025-04-15 10:59:56+00:00,66.54171296296296,66.54171296296295,0.19841269841269593
148,142,89.86486486486487,88.73239436619718,-1.1324704986676863,1188930,2026-01-24 00:00:00+00:00,no_patch_control,2226.888090277778,>180 days,,2026-04-03 12:09:35+00:00,69.5066550925926,69.50665509259261,0.6113256113256114
55,47,92.72727272727272,87.2340425531915,-5.493230174081219,1188930,2026-09-12 00:00:00+00:00,no_patch_control,2457.888090277778,>180 days,,2026-07-13 05:25:01+00:00,60.774293981481485,60.774293981481605,2.9249011857707643
306,416,97.38562091503267,94.47115384615384,-2.914467068878835,1189490,2024-06-19 00:00:00+00:00,no_patch_control,1666.703101851852,>180 days,,2024-04-19 08:12:52+00:00,60.657731481481484,60.657731481481505,7.828658889716223
45,42,88.88888888888889,90.47619047619048,1.5873015873015959,1197260,2024-07-20 00:00:00+00:00,no_patch_control,-498.0,<=30 days (including pre-launch),,2024-05-17 13:22:49+00:00,63.44248842592592,63.442488425925944,4.728132387706864
28,43,82.14285714285714,81.3953488372093,-0.7475083056478411,1197260,2025-06-07 00:00:00+00:00,no_patch_control,-176.0,<=30 days (including pre-launch),,2025-08-12 17:59:07+00:00,66.74938657407408,66.74938657407408,6.216931216931215
90,82,81.11111111111111,78.04878048780488,-3.062330623306238,1220010,2021-09-04 00:00:00+00:00,no_patch_control,224.83337962962963,>180 days,,2021-06-10 05:00:08+00:00,85.79157407407408,85.79157407407408,1.3492063492063409
139,98,91.36690647482014,84.6938775510204,-6.673028923799734,1220010,2021-12-18 00:00:00+00:00,no_patch_control,329.83337962962963,>180 days,,2022-02-16 08:00:10+00:00,60.333449074074075,60.33344907407405,2.861159348383353
63,55,84.12698412698413,87.27272727272727,3.1457431457431397,1220010,2023-01-21 00:00:00+00:00,no_patch_control,728.8333796296296,>180 days,,2022-11-17 02:16:48+00:00,64.905,64.90499999999997,8.18070818070818
45,49,88.88888888888889,79.59183673469387,-9.297052154195015,1227280,2022-05-06 00:00:00+00:00,no_patch_control,-146.0,<=30 days (including pre-launch),,2022-03-02 16:41:51+00:00,64.30427083333333,64.30427083333333,0.8888888888888857
42,92,85.71428571428571,82.6086956521739,-3.1055900621118013,1227280,2022-07-15 00:00:00+00:00,no_patch_control,-76.0,<=30 days (including pre-launch),,2022-09-13 17:00:20+00:00,60.708564814814814,60.708564814814814,0.5291005291005177
36,31,86.11111111111111,90.32258064516128,4.211469534050167,1227280,2023-10-06 00:00:00+00:00,no_patch_control,372.0,>180 days,,2023-12-22 12:50:48+00:00,77.53527777777778,77.53527777777776,1.26262626262627
39,29,79.48717948717949,86.20689655172413,6.719717064544639,1232580,2025-06-05 00:00:00+00:00,no_patch_control,1883.624074074074,>180 days,,2025-04-04 22:39:04+00:00,61.0562037037037,61.05620370370366,1.0683760683760681
26,20,73.07692307692307,75.0,1.923076923076934,1232580,2026-01-29 00:00:00+00:00,no_patch_control,2121.624074074074,>180 days,,2025-11-25 11:29:52+00:00,64.52092592592592,64.5209259259259,3.846153846153868
40,29,85.0,86.20689655172413,1.2068965517241281,1245430,2022-05-28 00:00:00+00:00,no_patch_control,686.2878703703703,>180 days,,2022-03-03 01:05:26+00:00,85.95456018518519,85.95456018518519,1.1111111111111143
188,27,95.74468085106383,81.48148148148148,-14.263199369582352,1245430,2022-12-17 00:00:00+00:00,no_patch_control,889.2878703703703,>180 days,,2022-10-17 15:10:40+00:00,60.367592592592594,60.36759259259259,0.29013539651838016
102,79,89.2156862745098,92.40506329113924,3.189377016629436,1253920,2021-07-30 00:00:00+00:00,no_patch_control,345.2909722222222,>180 days,,2021-05-18 17:01:25+00:00,72.29068287037038,72.29068287037035,8.537122714254238
326,193,88.95705521472392,91.70984455958549,2.7527893448615686,1253920,2022-09-02 00:00:00+00:00,no_patch_control,744.2909722222222,>180 days,,2022-06-30 17:40:35+00:00,63.2634837962963,63.263483796296214,0.06371629862918837
267,157,88.76404494382022,91.71974522292994,2.9557002791097204,1253920,2023-01-13 00:00:00+00:00,no_patch_control,877.2909722222222,>180 days,,2022-11-09 18:01:27+00:00,64.24899305555556,64.2489930555555,2.3470661672908903
92,126,92.3913043478261,93.65079365079364,1.2594893029675518,1253920,2023-06-30 00:00:00+00:00,no_patch_control,1045.2909722222223,>180 days,,2023-04-26 19:15:53+00:00,64.19730324074074,64.19730324074078,3.260869565217405
57,81,91.22807017543859,91.35802469135803,0.12995451591943663,1260590,2023-11-17 00:00:00+00:00,no_patch_control,994.207511574074,>180 days,,2023-08-25 16:35:15+00:00,83.30885416666666,83.3088541666666,1.6290726817042724
75,50,93.33333333333333,96.0,2.6666666666666714,1280930,2026-07-15 00:00:00+00:00,no_patch_control,1554.3744328703704,>180 days,,2026-05-14 11:57:27+00:00,61.50177083333333,61.50177083333324,2.820512820512832
121,270,81.81818181818183,77.4074074074074,-4.4107744107744224,1286580,2023-06-28 00:00:00+00:00,no_patch_control,218.0,>180 days,,2023-04-28 14:00:12+00:00,60.41652777777778,60.41652777777779,7.705627705627705
104,75,77.88461538461539,84.0,6.115384615384613,1286580,2024-02-21 00:00:00+00:00,no_patch_control,456.0,>180 days,,2023-12-20 15:00:51+00:00,62.374409722222225,62.3744097222222,7.414816726897271
227,130,86.34361233480176,85.38461538461539,-0.9589969501863749,1286580,2024-07-10 00:00:00+00:00,no_patch_control,596.0,>180 days,,2024-05-07 13:10:05+00:00,63.451331018518516,63.451331018518545,0.9777586762651822
145,86,84.82758620689656,86.04651162790698,1.2189254210104252,1286580,2025-02-05 00:00:00+00:00,no_patch_control,806.0,>180 days,,2025-04-14 13:59:48+00:00,68.58319444444444,68.58319444444442,4.4354293441514585
41,57,82.92682926829268,82.45614035087719,-0.4706889174154867,1286580,2025-12-03 00:00:00+00:00,no_patch_control,1107.0,>180 days,,2025-10-03 14:01:13+00:00,60.41582175925926,60.41582175925919,0.05189413596264103
55,111,83.63636363636363,84.68468468468468,1.048321048321057,1286580,2026-05-20 00:00:00+00:00,no_patch_control,1275.0,>180 days,,2026-02-20 20:31:28+00:00,88.14481481481481,88.14481481481471,3.1485587583148344
181,126,87.84530386740332,78.57142857142857,-9.273875295974747,1296610,2025-12-23 00:00:00+00:00,no_patch_control,1337.2090277777777,>180 days,,2025-10-03 22:51:07+00:00,80.04783564814815,80.04783564814807,0.660443259033471
134,102,79.1044776119403,83.33333333333334,4.228855721393046,1296610,2026-06-02 00:00:00+00:00,no_patch_control,1498.2090277777777,>180 days,,2026-03-19 17:53:08+00:00,74.25476851851852,74.2547685185184,6.472445464982769
381,319,90.81364829396325,91.84952978056427,1.0358814866010135,1296830,2022-08-18 00:00:00+00:00,no_patch_control,212.0,>180 days,,2022-06-15 12:21:41+00:00,63.48494212962963,63.484942129629616,7.297164777479736
566,380,95.93639575971731,96.84210526315789,0.9057095034405762,1296830,2023-03-09 00:00:00+00:00,no_patch_control,415.0,>180 days,,2023-01-04 15:10:31+00:00,63.36769675925926,63.367696759259275,0.4299763588613956
153,167,94.11764705882352,92.21556886227546,-1.9020781965480609,1296830,2023-10-05 00:00:00+00:00,no_patch_control,625.0,>180 days,,2023-12-05 10:19:58+00:00,61.430532407407405,61.43053240740744,0.7907032466754629
271,383,92.98892988929889,94.7780678851175,1.7891379958186064,1296830,2024-11-21 00:00:00+00:00,no_patch_control,1038.0,>180 days,,2025-01-23 06:42:06+00:00,63.27923611111111,63.279236111111004,0.964558482794132
43,83,88.37209302325581,93.97590361445783,5.60381059120202,1347970,2024-07-20 00:00:00+00:00,no_patch_control,506.0,>180 days,,2024-05-13 07:21:44+00:00,67.69324074074073,67.69324074074075,1.9504876219054665
33,66,87.87878787878788,78.78787878787878,-9.090909090909093,1375900,2024-06-15 00:00:00+00:00,no_patch_control,406.29381944444447,>180 days,,2024-04-04 09:27:37+00:00,71.60582175925926,71.6058217592593,2.164502164502167
252,304,87.6984126984127,87.82894736842105,0.13053467000835894,1385380,2022-12-30 00:00:00+00:00,no_patch_control,630.2910300925926,>180 days,,2022-10-24 17:00:10+00:00,66.29155092592593,66.29155092592589,1.8668046928916624
174,144,87.35632183908046,86.80555555555556,-0.5507662835249079,1385380,2023-06-16 00:00:00+00:00,no_patch_control,798.2910300925926,>180 days,,2023-03-30 15:20:24+00:00,77.36083333333333,77.36083333333329,0.8459253519307737
90,88,82.22222222222221,69.31818181818183,-12.904040404040387,1385380,2025-04-18 00:00:00+00:00,no_patch_control,1470.2910300925926,>180 days,,2025-01-20 15:17:08+00:00,87.36310185185185,87.36310185185175,1.2560386473430043
112,74,75.0,83.78378378378379,8.78378378378379,1385380,2025-07-11 00:00:00+00:00,no_patch_control,1554.2910300925926,>180 days,,2025-09-24 08:21:14+00:00,75.3480787037037,75.34807870370378,5.0
62,103,77.41935483870968,76.69902912621359,-0.7203257124960913,1402120,2023-10-24 00:00:00+00:00,no_patch_control,211.0,>180 days,,2023-08-22 16:32:33+00:00,62.31072916666667,62.310729166666675,0.7959782153330508
55,66,70.9090909090909,68.18181818181817,-2.7272727272727337,1402120,2024-04-09 00:00:00+00:00,no_patch_control,379.0,>180 days,,2024-02-01 17:53:59+00:00,67.25417824074074,67.25417824074071,3.7387964148527573
40,47,75.0,68.08510638297872,-6.914893617021278,1402120,2025-07-08 00:00:00+00:00,no_patch_control,834.0,>180 days,,2025-04-21 15:47:54+00:00,77.34173611111112,77.34173611111112,0.43859649122806843
86,194,91.86046511627907,90.20618556701031,-1.6542795492687645,1404850,2024-09-14 00:00:00+00:00,no_patch_control,1344.2499074074074,>180 days,,2024-07-01 14:40:53+00:00,74.38827546296297,74.38827546296284,4.5681063122923575
70,93,92.85714285714286,91.39784946236558,-1.4592933947772764,1404850,2025-03-15 00:00:00+00:00,no_patch_control,1526.2499074074074,>180 days,,2025-01-08 15:08:15+00:00,65.36927083333333,65.3692708333333,3.2571428571428527
122,87,84.42622950819673,85.0574712643678,0.6312417561710788,1457080,2023-06-21 00:00:00+00:00,no_patch_control,64.0,31-180 days,,2023-04-21 16:20:19+00:00,60.31922453703704,60.31922453703704,1.4443017973533472
50,78,90.0,85.8974358974359,-4.102564102564102,1457080,2023-12-27 00:00:00+00:00,no_patch_control,253.0,>180 days,,2023-10-13 21:08:12+00:00,74.11930555555556,74.11930555555554,7.142857142857139
133,112,94.73684210526315,94.64285714285714,-0.09398496240601162,1473350,2024-08-30 00:00:00+00:00,no_patch_control,260.0,>180 days,,2024-06-25 18:52:19+00:00,65.21366898148148,65.21366898148148,0.31624124689405164
34,30,94.11764705882352,96.66666666666667,2.5490196078431495,1487270,2024-02-21 00:00:00+00:00,no_patch_control,484.0,>180 days,,2023-12-18 12:08:31+00:00,64.49408564814814,64.49408564814814,0.1680672268907557
36,22,94.44444444444444,81.81818181818183,-12.626262626262616,1487270,2024-08-07 00:00:00+00:00,no_patch_control,652.0,>180 days,,2024-06-03 12:18:08+00:00,64.4874074074074,64.48740740740743,5.555555555555557
20,20,90.0,85.0,-5.0,1487270,2024-10-30 00:00:00+00:00,no_patch_control,736.0,>180 days,,2025-01-13 10:21:21+00:00,75.43149305555555,75.4314930555555,10.0
72,34,97.22222222222221,91.17647058823529,-6.045751633986924,1487270,2025-12-10 00:00:00+00:00,no_patch_control,1142.0,>180 days,,2026-02-12 02:09:32+00:00,64.0899537037037,64.08995370370371,2.7777777777777857
50,58,96.0,96.55172413793103,0.551724137931032,1494810,2026-02-26 00:00:00+00:00,no_patch_control,1078.3569675925926,>180 days,,2025-12-18 18:00:36+00:00,69.24958333333333,69.24958333333336,1.39776951672863
472,140,92.79661016949152,97.14285714285714,4.3462469733656235,1534980,2024-10-22 00:00:00+00:00,no_patch_control,1330.6619328703703,>180 days,,2024-07-31 10:32:02+00:00,82.56108796296296,82.5610879629628,3.870056497175156
53,28,94.33962264150944,82.14285714285714,-12.196765498652297,1534980,2025-04-08 00:00:00+00:00,no_patch_control,1498.6619328703703,>180 days,,2025-01-31 00:08:50+00:00,66.99386574074074,66.9938657407406,0.1535761298815288
45,28,93.33333333333333,92.85714285714286,-0.4761904761904674,1534980,2025-07-01 00:00:00+00:00,no_patch_control,1582.6619328703703,>180 days,,2025-09-19 08:29:04+00:00,80.35351851851851,80.35351851851851,1.4814814814814952
1810,1314,90.1657458563536,81.5068493150685,-8.658896541285102,1569580,2025-12-26 00:00:00+00:00,no_patch_control,260.0,>180 days,,2025-09-29 17:36:44+00:00,87.2661574074074,87.2661574074074,7.931313621921362
589,560,85.39898132427844,79.46428571428571,-5.93469560999273,1569580,2026-02-27 00:00:00+00:00,no_patch_control,323.0,>180 days,,2026-04-29 11:29:42+00:00,61.47895833333333,61.47895833333331,2.2277935235917425
54,25,96.29629629629629,84.0,-12.29629629629629,1579880,2023-05-11 00:00:00+00:00,no_patch_control,78.0,31-180 days,,2023-03-10 20:22:09+00:00,61.15128472222222,61.15128472222222,0.1424501424501301
87,69,95.40229885057471,95.65217391304348,0.24987506246877444,1608290,2022-04-11 00:00:00+00:00,no_patch_control,78.0,31-180 days,,2022-01-25 10:59:18+00:00,75.54215277777777,75.54215277777777,2.1096159237454373
195,283,92.82051282051282,94.69964664310953,1.8791338225967138,1608290,2025-12-08 00:00:00+00:00,no_patch_control,1415.0,>180 days,,2025-10-07 09:57:48+00:00,61.58486111111111,61.584861111111195,0.512820512820511
38,24,86.8421052631579,95.83333333333334,8.991228070175438,1618380,2025-03-12 00:00:00+00:00,no_patch_control,771.0,>180 days,,2025-01-10 11:53:03+00:00,60.50482638888889,60.50482638888889,1.1278195488721963
27,66,88.88888888888889,89.39393939393939,0.5050505050505052,1668690,2023-05-04 00:00:00+00:00,no_patch_control,469.62508101851853,>180 days,,2023-02-11 03:35:41+00:00,81.8502199074074,81.85021990740739,0.7936507936507979
26,36,92.3076923076923,77.77777777777779,-14.529914529914521,1668690,2023-10-19 00:00:00+00:00,no_patch_control,637.6250810185185,>180 days,,2023-12-18 12:31:17+00:00,60.52172453703704,60.52172453703713,4.376657824933687
62,21,90.32258064516128,90.47619047619048,0.15360983102920045,1683100,2022-06-30 00:00:00+00:00,no_patch_control,64.0,31-180 days,,2022-04-29 08:31:49+00:00,61.64457175925926,61.64457175925926,2.53456221198158
21,52,95.23809523809523,86.53846153846155,-8.69963369963368,1689350,2022-04-12 00:00:00+00:00,no_patch_control,92.0,31-180 days,,2022-01-15 18:46:51+00:00,86.21746527777778,86.21746527777778,0.952380952380949
35,53,91.42857142857143,83.01886792452831,-8.409703504043122,1694420,2024-05-27 00:00:00+00:00,no_patch_control,1010.1925231481481,>180 days,,2024-03-25 23:22:24+00:00,62.02611111111111,62.02611111111105,7.201565557729936
32,30,93.75,100.0,6.25,1710100,2023-06-17 00:00:00+00:00,no_patch_control,156.0,31-180 days,,2023-04-12 11:37:26+00:00,65.51567129629629,65.51567129629629,4.495614035087712
40,31,95.0,96.7741935483871,1.7741935483871032,1710100,2024-03-02 00:00:00+00:00,no_patch_control,415.0,>180 days,,2023-12-31 18:34:59+00:00,61.225706018518515,61.22570601851851,2.317073170731703
121,74,79.33884297520662,74.32432432432432,-5.0145186508822945,1711610,2023-01-28 00:00:00+00:00,no_patch_control,63.55898148148148,31-180 days,,2022-11-25 18:12:16+00:00,63.24148148148148,63.24148148148148,5.064826749564034
98,84,86.73469387755102,77.38095238095238,-9.353741496598644,1740720,2024-05-22 00:00:00+00:00,no_patch_control,805.25,>180 days,,2024-03-20 17:56:20+00:00,62.252546296296295,62.25254629629626,4.176554342667302
47,45,93.61702127659575,88.88888888888889,-4.728132387706864,1755830,2025-05-23 00:00:00+00:00,no_patch_control,610.0,>180 days,,2025-02-22 04:32:39+00:00,89.81065972222223,89.81065972222223,0.593765462642267
164,174,83.53658536585365,81.60919540229885,-1.927389963554802,1763250,2026-07-24 00:00:00+00:00,no_patch_control,532.2921527777778,>180 days,,2026-05-20 14:18:55+00:00,64.40353009259259,64.40353009259263,0.7099899766121069
23,21,86.95652173913044,80.95238095238095,-6.004140786749488,1766390,2022-06-08 00:00:00+00:00,no_patch_control,71.0,31-180 days,,2022-03-31 12:36:10+00:00,68.47488425925926,68.47488425925926,8.084800574919157
101,29,98.01980198019803,96.55172413793103,-1.4680778422669931,1769170,2022-12-08 00:00:00+00:00,no_patch_control,260.0,>180 days,,2022-10-04 19:36:47+00:00,64.18278935185185,64.18278935185185,1.9801980198019749
25,69,96.0,97.10144927536231,1.101449275362313,1769170,2024-11-28 00:00:00+00:00,no_patch_control,981.0,>180 days,,2024-09-11 16:36:18+00:00,77.308125,77.30812500000002,5.375
26,31,96.15384615384616,100.0,3.8461538461538396,1769170,2026-04-23 00:00:00+00:00,no_patch_control,1492.0,>180 days,,2026-02-05 17:30:59+00:00,76.27015046296296,76.27015046296287,4.9773755656108705
47,33,97.87234042553192,100.0,2.1276595744680833,1769170,2026-07-09 00:00:00+00:00,no_patch_control,1569.0,>180 days,,2026-09-09 16:59:30+00:00,62.70798611111111,62.70798611111104,8.128750681942165
87,107,79.3103448275862,77.57009345794393,-1.74025136964228,1782460,2026-01-28 00:00:00+00:00,no_patch_control,190.0,>180 days,,2025-11-22 20:58:50+00:00,66.12581018518519,66.12581018518519,2.211394302848575
29,57,75.86206896551724,89.47368421052632,13.611615245009077,1782460,2026-04-29 00:00:00+00:00,no_patch_control,281.0,>180 days,,2026-07-10 19:31:56+00:00,72.8138425925926,72.81384259259261,2.737152824366035
61,38,77.04918032786885,81.57894736842105,4.529767040552201,1803400,2025-03-21 00:00:00+00:00,no_patch_control,868.3712731481481,>180 days,,2024-12-23 05:41:55+00:00,87.76255787037037,87.7625578703703,7.950819672131146
37,21,100.0,95.23809523809523,-4.761904761904773,1808320,2026-01-03 00:00:00+00:00,no_patch_control,414.0,>180 days,,2025-10-31 10:24:21+00:00,63.56642361111111,63.566423611111134,3.07692307692308
53,24,84.90566037735849,91.66666666666666,6.76100628930817,1811430,2022-09-28 00:00:00+00:00,no_patch_control,71.0,31-180 days,,2022-07-24 16:51:09+00:00,65.2978125,65.2978125,3.0874785591766596
21,36,80.95238095238095,75.0,-5.952380952380949,1824580,2023-06-30 00:00:00+00:00,no_patch_control,64.0,31-180 days,,2023-04-28 21:33:40+00:00,62.10162037037037,62.10162037037037,4.228243021346458
21,25,80.95238095238095,88.0,7.047619047619051,1830970,2025-09-04 00:00:00+00:00,no_patch_control,595.2920717592592,>180 days,,2025-06-22 19:47:23+00:00,73.17542824074074,73.17542824074064,0.4429678848283487
51,54,94.11764705882352,92.5925925925926,-1.5250544662309267,1866880,2023-04-04 00:00:00+00:00,no_patch_control,245.17471064814814,>180 days,,2023-01-30 18:53:31+00:00,63.21283564814815,63.21283564814814,0.17825311942958422
1515,1344,95.04950495049505,93.97321428571429,-1.0762906647807569,1868140,2026-03-27 00:00:00+00:00,no_patch_control,1246.7085185185185,>180 days,,2026-01-20 06:08:02+00:00,65.7444212962963,65.7444212962962,1.4711527695580457
399,366,87.96992481203007,89.07103825136612,1.1011134393360464,1904480,2026-04-17 00:00:00+00:00,no_patch_control,190.0,>180 days,,2026-02-12 16:04:39+00:00,63.330104166666665,63.33010416666667,4.791017948912696
45,25,68.88888888888889,68.0,-0.8888888888888857,1910780,2022-09-03 00:00:00+00:00,no_patch_control,86.0,31-180 days,,2022-06-11 06:03:14+00:00,83.74775462962963,83.74775462962963,3.371647509578537
46,32,91.30434782608695,90.625,-0.6793478260869534,1911360,2024-03-22 00:00:00+00:00,no_patch_control,343.2810763888889,>180 days,,2023-12-28 15:41:04+00:00,84.34648148148148,84.34648148148148,0.8525149190110852
99,74,76.76767676767676,79.72972972972973,2.962052962052965,1911610,2026-08-21 00:00:00+00:00,no_patch_control,666.0,>180 days,,2026-06-10 15:15:01+00:00,71.36457175925926,71.3645717592592,2.719502719502728
23,21,86.95652173913044,85.71428571428571,-1.242236024844729,1915510,2024-07-30 00:00:00+00:00,no_patch_control,483.5588888888889,>180 days,,2024-05-15 18:41:20+00:00,75.2212962962963,75.22129629629626,8.876811594202906
28,28,96.42857142857143,100.0,3.5714285714285694,1929360,2022-06-11 00:00:00+00:00,no_patch_control,72.0,31-180 days,,2022-04-04 11:46:42+00:00,67.50923611111111,67.50923611111111,0.7763975155279468
124,25,91.12903225806451,80.0,-11.129032258064512,1929870,2022-12-02 00:00:00+00:00,no_patch_control,217.2073263888889,>180 days,,2022-09-10 04:57:22+00:00,82.79349537037037,82.79349537037038,2.0201213669754026
32,37,96.875,97.2972972972973,0.42229729729730536,1944570,2024-06-01 00:00:00+00:00,no_patch_control,665.4589467592592,>180 days,,2024-04-01 16:04:37+00:00,60.33012731481482,60.33012731481483,2.430555555555557
25,24,96.0,91.66666666666666,-4.333333333333343,1944570,2024-11-02 00:00:00+00:00,no_patch_control,819.4589467592592,>180 days,,2024-08-24 10:37:09+00:00,69.55753472222223,69.55753472222216,4.0
24,20,91.66666666666666,95.0,3.333333333333343,1944570,2025-12-27 00:00:00+00:00,no_patch_control,1239.4589467592593,>180 days,,2025-10-27 15:28:22+00:00,60.355300925925924,60.35530092592603,3.5714285714285694
856,520,97.42990654205607,96.53846153846153,-0.8914450035945407,1948280,2022-09-10 00:00:00+00:00,no_patch_control,155.0,31-180 days,,2022-07-11 14:16:12+00:00,60.40541666666667,60.40541666666667,1.343951054719156
505,751,96.43564356435644,96.40479360852197,-0.030849955834469256,1948280,2023-03-18 00:00:00+00:00,no_patch_control,344.0,>180 days,,2023-01-10 13:27:48+00:00,66.43902777777778,66.43902777777777,0.9571205801816092
197,532,96.95431472081218,96.2406015037594,-0.7137132170527849,1948280,2023-11-18 00:00:00+00:00,no_patch_control,589.0,>180 days,,2023-08-22 11:40:55+00:00,87.51325231481482,87.51325231481479,0.2170663108017976
269,262,95.53903345724906,95.0381679389313,-0.5008655183177666,1948280,2024-08-17 00:00:00+00:00,no_patch_control,862.0,>180 days,,2024-10-16 09:16:01+00:00,60.386122685185185,60.38612268518523,0.6553125270165054
312,92,99.03846153846155,86.95652173913044,-12.08193979933111,1951230,2023-12-15 00:00:00+00:00,no_patch_control,78.0,31-180 days,,2023-10-12 11:19:48+00:00,63.52791666666667,63.52791666666667,4.0680473372781165
73,41,97.26027397260275,97.5609756097561,0.3007016371533524,1955830,2023-08-13 00:00:00+00:00,no_patch_control,168.62815972222222,31-180 days,,2023-06-08 18:11:18+00:00,65.24215277777778,65.24215277777778,2.523431867339596
391,88,98.46547314578005,97.72727272727273,-0.7382004185073185,1955830,2023-12-17 00:00:00+00:00,no_patch_control,294.6281597222222,>180 days,,2023-10-14 11:32:12+00:00,63.519305555555555,63.51930555555555,0.4654731457800523
277,342,97.83393501805054,97.6608187134503,-0.1731163046002422,1955830,2024-06-09 00:00:00+00:00,no_patch_control,469.6281597222222,>180 days,,2024-04-03 09:53:59+00:00,66.58751157407407,66.58751157407409,0.5125064466219698
175,197,95.42857142857143,96.95431472081218,1.5257432922407475,1955830,2024-09-29 00:00:00+00:00,no_patch_control,581.6281597222222,>180 days,,2024-11-29 13:32:57+00:00,61.564548611111114,61.56454861111115,4.0739161336176295
177,372,94.91525423728814,97.58064516129032,2.665390924002182,1955830,2025-04-06 00:00:00+00:00,no_patch_control,770.6281597222222,>180 days,,2025-02-01 13:18:46+00:00,63.44530092592593,63.44530092592595,1.4351107262155125
146,101,94.52054794520548,99.00990099009901,4.489353044893534,1955830,2025-11-30 00:00:00+00:00,no_patch_control,1008.6281597222222,>180 days,,2025-09-29 18:24:31+00:00,61.23297453703704,61.23297453703708,4.489353044893534
27,21,88.88888888888889,85.71428571428571,-3.1746031746031775,1990110,2025-01-14 00:00:00+00:00,no_patch_control,336.2932986111111,>180 days,,2024-10-31 12:41:26+00:00,74.47122685185185,74.47122685185184,6.763285024154598
43,29,86.04651162790698,86.20689655172413,0.16038492381714775,1990110,2025-09-09 00:00:00+00:00,no_patch_control,574.2932986111111,>180 days,,2025-06-25 12:14:12+00:00,75.4901388888889,75.49013888888891,9.379844961240309
47,30,78.72340425531915,70.0,-8.723404255319153,1993150,2024-06-29 00:00:00+00:00,no_patch_control,574.6423611111111,>180 days,,2024-04-29 11:42:40+00:00,60.51203703703704,60.512037037036976,3.629536921151427
22,24,95.45454545454545,95.83333333333334,0.37878787878788955,2050590,2022-12-31 00:00:00+00:00,no_patch_control,71.0,31-180 days,,2022-10-25 13:27:20+00:00,66.43935185185185,66.43935185185185,3.4090909090909065
478,23,95.81589958158996,86.95652173913044,-8.859377842459523,2062430,2026-10-01 00:00:00+00:00,no_patch_control,351.0,>180 days,,2026-07-28 16:03:40+00:00,64.33078703703704,64.33078703703706,6.001084766775151
343,425,80.466472303207,87.29411764705883,6.827645343851827,2071280,2025-10-31 00:00:00+00:00,no_patch_control,400.0,>180 days,,2025-08-29 15:00:52+00:00,62.374398148148146,62.374398148148146,2.5415274908449703
277,187,80.86642599277978,77.54010695187165,-3.326319040908132,2071280,2026-09-11 00:00:00+00:00,no_patch_control,715.0,>180 days,,2026-07-09 14:14:35+00:00,63.406539351851855,63.40653935185185,3.2544856942723186
79,45,98.73417721518987,100.0,1.2658227848101262,2074480,2022-12-23 00:00:00+00:00,no_patch_control,37.0,31-180 days,,2023-02-22 20:18:35+00:00,61.846238425925925,61.84623842592593,1.2658227848101262
33,44,75.75757575757575,84.0909090909091,8.333333333333343,2078230,2025-07-29 00:00:00+00:00,no_patch_control,92.0,31-180 days,,2025-04-30 14:58:41+00:00,89.37591435185185,89.37591435185185,8.354573775134526
26,32,57.692307692307686,93.75,36.057692307692314,2078230,2025-11-25 00:00:00+00:00,no_patch_control,211.0,>180 days,,2026-02-19 13:11:21+00:00,86.5495486111111,86.5495486111111,2.3076923076923137
31,28,93.54838709677419,89.28571428571429,-4.2626728110599,2082410,2024-06-22 00:00:00+00:00,no_patch_control,72.0,31-180 days,,2024-04-13 11:25:47+00:00,69.52376157407407,69.52376157407407,0.6072106261859602
24,48,87.5,91.66666666666666,4.166666666666657,2083900,2022-12-10 00:00:00+00:00,no_patch_control,92.0,31-180 days,,2022-09-12 19:12:35+00:00,88.1995949074074,88.1995949074074,8.088235294117652
54,69,96.29629629629629,92.7536231884058,-3.5426731078904936,2088570,2023-09-09 00:00:00+00:00,no_patch_control,351.0,>180 days,,2023-07-09 19:46:32+00:00,61.17601851851852,61.176018518518504,0.2436647173489206
90,84,98.88888888888889,96.42857142857143,-2.460317460317455,2088570,2025-05-17 00:00:00+00:00,no_patch_control,967.0,>180 days,,2025-03-11 21:49:54+00:00,66.09034722222222,66.09034722222225,3.9736346516007472
87,70,96.55172413793103,91.42857142857143,-5.123152709359601,2088570,2025-12-06 00:00:00+00:00,no_patch_control,1170.0,>180 days,,2025-10-03 15:08:02+00:00,63.369421296296295,63.369421296296196,0.32327586206896797
22,41,90.9090909090909,90.2439024390244,-0.6651884700665107,2093910,2024-08-27 00:00:00+00:00,no_patch_control,272.0,>180 days,,2024-06-03 09:25:17+00:00,84.60744212962963,84.60744212962962,1.6233766233766147
43,52,81.3953488372093,78.84615384615384,-2.549194991055458,2094910,2023-08-26 00:00:00+00:00,no_patch_control,84.33398148148149,31-180 days,,2023-06-11 23:06:19+00:00,75.0372800925926,75.0372800925926,6.370608609599202
287,101,98.95470383275261,99.00990099009901,0.05519715734639874,2095890,2023-11-25 00:00:00+00:00,no_patch_control,15.0,<=30 days (including pre-launch),,2024-01-29 09:22:39+00:00,65.39072916666667,65.39072916666667,0.13117442098790377
689,192,96.66182873730044,94.27083333333334,-2.3909954039670964,2097230,2024-02-09 00:00:00+00:00,no_patch_control,22.0,<=30 days (including pre-launch),,2024-04-09 14:00:55+00:00,60.58396990740741,60.58396990740741,0.3078682323965296
36,114,97.22222222222221,97.36842105263158,0.14619883040936088,2097230,2024-11-01 00:00:00+00:00,no_patch_control,288.0,>180 days,,2024-08-31 03:26:40+00:00,61.85648148148148,61.856481481481495,1.2222222222222143
252,146,93.25396825396825,92.46575342465754,-0.7882148293107178,2103140,2024-07-19 00:00:00+00:00,no_patch_control,259.89935185185186,>180 days,,2024-05-14 13:38:22+00:00,65.43168981481482,65.43168981481483,2.10206889773454
273,229,93.04029304029304,94.32314410480349,1.282851064510453,2103140,2025-07-18 00:00:00+00:00,no_patch_control,623.8993518518519,>180 days,,2025-05-06 10:06:18+00:00,72.57895833333333,72.57895833333339,0.5080940564811556
219,234,95.4337899543379,92.3076923076923,-3.12609764664559,2103140,2026-04-17 00:00:00+00:00,no_patch_control,896.8993518518519,>180 days,,2026-01-21 07:40:07+00:00,85.68047453703704,85.68047453703707,4.586332327219253
109,45,89.90825688073394,97.77777777777777,7.869520897043827,2106670,2024-12-10 00:00:00+00:00,no_patch_control,210.41436342592593,>180 days,,2024-10-07 16:00:59+00:00,63.33265046296296,63.33265046296296,3.4250764525993844
27,42,77.77777777777779,76.19047619047619,-1.5873015873015959,2106670,2026-07-14 00:00:00+00:00,no_patch_control,791.4143634259259,>180 days,,2026-05-11 06:22:12+00:00,63.73458333333333,63.73458333333326,0.27100271002709064
229,175,96.06986899563319,97.14285714285714,1.0729881472239526,2111190,2024-10-17 00:00:00+00:00,no_patch_control,155.0,31-180 days,,2024-08-13 22:18:17+00:00,64.07063657407407,64.07063657407407,0.7555278297636363
238,265,96.63865546218487,97.35849056603773,0.7198351038528585,2111190,2025-02-20 00:00:00+00:00,no_patch_control,281.0,>180 days,,2024-12-19 08:55:14+00:00,62.628310185185185,62.62831018518517,2.805788982259571
151,114,96.68874172185431,98.24561403508771,1.5568723132333986,2111190,2025-10-16 00:00:00+00:00,no_patch_control,519.0,>180 days,,2025-12-18 18:07:32+00:00,63.75523148148148,63.755231481481474,1.4244658253154938
138,80,100.0,97.5,-2.5,2128270,2025-02-18 00:00:00+00:00,no_patch_control,658.5995833333334,>180 days,,2024-12-13 23:26:05+00:00,66.02355324074074,66.02355324074074,1.8867924528301927
508,2250,93.50393700787401,96.4888888888889,2.9849518810148794,2138710,2023-11-08 00:00:00+00:00,no_patch_control,225.0,>180 days,,2023-09-07 13:02:12+00:00,61.456805555555555,61.45680555555555,0.8930995694503707
70,35,85.71428571428571,88.57142857142857,2.857142857142861,2206270,2025-03-27 00:00:00+00:00,no_patch_control,609.2798263888889,>180 days,,2024-12-30 15:03:09+00:00,86.3728125,86.37281250000001,1.5476190476190368
27,42,92.5925925925926,90.47619047619048,-2.1164021164021136,2206270,2025-10-16 00:00:00+00:00,no_patch_control,812.2798263888889,>180 days,,2025-08-14 13:55:18+00:00,62.41993055555555,62.41993055555554,6.878306878306887
31,24,77.41935483870968,91.66666666666666,14.247311827956977,2218400,2025-02-22 00:00:00+00:00,no_patch_control,567.5844907407408,>180 days,,2024-11-28 08:28:34+00:00,85.6468287037037,85.6468287037037,3.661726242371401
105,112,76.19047619047619,75.89285714285714,-0.297619047619051,2273980,2025-11-26 00:00:00+00:00,no_patch_control,302.0,>180 days,,2025-09-23 14:04:39+00:00,63.4134375,63.413437499999986,4.761904761904759
60,62,91.66666666666666,95.16129032258065,3.4946236559139976,2288470,2026-08-26 00:00:00+00:00,no_patch_control,337.0,>180 days,,2026-06-12 14:21:05+00:00,74.40202546296297,74.40202546296297,3.2608695652173765
44,40,97.72727272727273,95.0,-2.7272727272727337,2289650,2025-04-17 00:00:00+00:00,no_patch_control,261.0,>180 days,,2025-02-13 06:26:15+00:00,62.731770833333336,62.73177083333334,6.550802139037444
74,108,81.08108108108108,72.22222222222221,-8.858858858858866,2289750,2026-07-04 00:00:00+00:00,no_patch_control,253.0,>180 days,,2026-04-09 11:43:49+00:00,85.51123842592592,85.51123842592594,0.16002844950213557
35,24,88.57142857142857,87.5,-1.0714285714285694,2325920,2026-04-21 00:00:00+00:00,no_patch_control,155.0,31-180 days,,2026-02-14 17:07:16+00:00,65.28662037037037,65.28662037037037,1.6861826697892326
21,23,85.71428571428571,95.65217391304348,9.937888198757776,2332210,2025-01-18 00:00:00+00:00,no_patch_control,400.0,>180 days,,2024-10-22 22:22:32+00:00,87.06768518518518,87.06768518518521,6.390977443609032
34,43,85.29411764705883,86.04651162790698,0.7523939808481543,2334170,2025-07-31 00:00:00+00:00,no_patch_control,142.0,31-180 days,,2025-05-13 03:19:23+00:00,78.86153935185185,78.86153935185186,4.869816779170677
65,37,90.76923076923077,83.78378378378379,-6.985446985446984,2335130,2024-07-23 00:00:00+00:00,no_patch_control,134.0,31-180 days,,2024-05-07 22:03:19+00:00,76.0810300925926,76.08103009259258,0.31987814166032535
59,52,98.30508474576271,96.15384615384616,-2.1512385919165524,2380320,2024-11-29 00:00:00+00:00,no_patch_control,64.0,31-180 days,,2024-09-26 23:18:35+00:00,63.028761574074075,63.028761574074075,1.6949152542372872
45,45,84.44444444444444,71.11111111111111,-13.333333333333329,2423300,2024-05-03 00:00:00+00:00,no_patch_control,72.0,31-180 days,,2024-02-23 02:42:28+00:00,69.88717592592593,69.88717592592593,4.685990338164245
25,68,88.0,95.58823529411765,7.588235294117652,2435090,2025-11-05 00:00:00+00:00,no_patch_control,735.7224305555555,>180 days,,2025-08-23 06:55:23+00:00,73.71153935185185,73.7115393518518,2.285714285714292
50,20,74.0,70.0,-4.0,2455060,2024-07-31 00:00:00+00:00,no_patch_control,366.0,>180 days,,2024-05-02 14:08:32+00:00,89.41074074074074,89.41074074074072,7.05263157894737
78,42,89.74358974358975,88.09523809523809,-1.6483516483516638,2457890,2025-11-05 00:00:00+00:00,no_patch_control,827.0,>180 days,,2025-08-15 20:20:06+00:00,81.15270833333334,81.1527083333333,0.33423126808339987
371,325,95.14824797843666,91.6923076923077,-3.455940286128964,2464530,2025-12-10 00:00:00+00:00,no_patch_control,365.0,>180 days,,2025-09-30 13:00:16+00:00,70.45814814814815,70.45814814814815,9.854130331377831
72,67,93.05555555555556,86.56716417910447,-6.488391376451091,2464530,2026-04-15 00:00:00+00:00,no_patch_control,491.0,>180 days,,2026-06-15 15:03:05+00:00,61.6271412037037,61.62714120370367,2.8116531165311613
87,29,74.71264367816092,65.51724137931035,-9.195402298850567,2488510,2024-06-11 00:00:00+00:00,no_patch_control,231.45833333333334,>180 days,,2024-03-20 16:45:42+00:00,82.30159722222223,82.30159722222223,9.596364608393472
77,20,80.51948051948052,50.0,-30.519480519480524,2488510,2024-12-10 00:00:00+00:00,no_patch_control,413.4583333333333,>180 days,,2024-09-17 14:30:29+00:00,83.39549768518519,83.39549768518515,1.8334606569900558
42,46,80.95238095238095,82.6086956521739,1.6563146997929579,2499520,2025-08-20 00:00:00+00:00,no_patch_control,428.0,>180 days,,2025-05-27 15:55:50+00:00,84.33622685185185,84.33622685185185,7.936507936507937
20,24,80.0,87.5,7.5,2499520,2026-08-19 00:00:00+00:00,no_patch_control,792.0,>180 days,,2026-06-16 10:35:43+00:00,63.55853009259259,63.558530092592605,0.3703703703703667
79,124,94.9367088607595,87.09677419354838,-7.839934667211111,2501600,2025-06-20 00:00:00+00:00,no_patch_control,254.0,>180 days,,2025-04-17 10:15:37+00:00,63.572488425925926,63.57248842592594,2.1563143950544514
22,20,100.0,100.0,0.0,2516820,2024-03-10 00:00:00+00:00,no_patch_control,218.3316550925926,>180 days,,2024-01-09 10:18:24+00:00,60.57055555555556,60.57055555555556,9.375
94,29,63.829787234042556,58.620689655172406,-5.20909757887015,2518630,2025-06-25 00:00:00+00:00,no_patch_control,155.0,31-180 days,,2025-04-11 18:33:44+00:00,74.22657407407408,74.22657407407408,1.0824934677118279
39,21,79.48717948717949,80.95238095238095,1.46520146520146,2523250,2023-11-28 00:00:00+00:00,no_patch_control,64.0,31-180 days,,2023-09-27 17:18:19+00:00,61.278946759259256,61.278946759259256,5.413105413105413
42,28,73.80952380952381,75.0,1.1904761904761898,2531940,2025-05-02 00:00:00+00:00,no_patch_control,85.0,31-180 days,,2025-02-09 15:18:21+00:00,81.36225694444444,81.36225694444444,0.34980816971338413
48,42,75.0,85.71428571428571,10.714285714285708,2543510,2026-05-01 00:00:00+00:00,no_patch_control,267.0,>180 days,,2026-02-16 08:58:42+00:00,73.62590277777778,73.62590277777778,1.0869565217391397
51,95,96.07843137254902,97.89473684210527,1.816305469556255,2608350,2025-03-11 00:00:00+00:00,no_patch_control,197.0,>180 days,,2024-12-24 03:46:36+00:00,76.84263888888889,76.84263888888889,2.146420698456893
40,50,97.5,94.0,-3.5,2608350,2025-08-05 00:00:00+00:00,no_patch_control,344.0,>180 days,,2025-10-04 14:27:02+00:00,60.602106481481485,60.602106481481485,1.4215686274509807
21,20,90.47619047619048,95.0,4.523809523809518,2608350,2026-04-28 00:00:00+00:00,no_patch_control,610.0,>180 days,,2026-06-29 14:32:00+00:00,62.605555555555554,62.60555555555561,0.15360983102920045
34,45,82.35294117647058,86.66666666666667,4.3137254901960915,2621150,2024-02-16 00:00:00+00:00,no_patch_control,92.0,31-180 days,,2023-11-20 03:05:46+00:00,87.87099537037037,87.87099537037037,4.430863254392648
31,32,90.32258064516128,93.75,3.427419354838719,2630080,2026-06-02 00:00:00+00:00,no_patch_control,946.0,>180 days,,2026-03-20 09:56:11+00:00,73.58598379629629,73.58598379629632,3.9589442815249214
27,87,74.07407407407408,93.10344827586206,19.029374201787988,2644610,2025-11-11 00:00:00+00:00,no_patch_control,365.0,>180 days,,2025-09-08 19:21:51+00:00,63.19315972222222,63.19315972222222,0.6046863189720284
104,50,91.34615384615384,96.0,4.65384615384616,2689470,2025-03-14 00:00:00+00:00,no_patch_control,64.0,31-180 days,,2025-01-10 09:16:02+00:00,62.61386574074074,62.61386574074074,4.380341880341888
48,41,95.83333333333334,97.5609756097561,1.7276422764227561,2689470,2026-03-13 00:00:00+00:00,no_patch_control,428.0,>180 days,,2026-01-09 14:01:19+00:00,62.41575231481482,62.415752314814824,1.9557823129251801
153,146,95.42483660130719,94.52054794520548,-0.9042886561017127,2726450,2024-05-18 00:00:00+00:00,no_patch_control,85.0,31-180 days,,2024-02-25 09:02:22+00:00,82.62335648148148,82.62335648148148,3.2820599504169365
90,376,94.44444444444444,97.87234042553192,3.427895981087474,2726450,2024-11-09 00:00:00+00:00,no_patch_control,260.0,>180 days,,2024-09-06 19:55:29+00:00,63.16980324074074,63.16980324074075,0.06105006105005373
61,63,95.08196721311475,90.47619047619048,-4.60577673692427,2726450,2025-05-03 00:00:00+00:00,no_patch_control,435.0,>180 days,,2025-02-24 00:44:02+00:00,67.96942129629629,67.96942129629628,0.3203316374599581
108,78,87.96296296296296,93.58974358974359,5.626780626780629,2735630,2024-08-23 00:00:00+00:00,no_patch_control,226.0,>180 days,,2024-06-22 07:13:06+00:00,61.69923611111111,61.699236111111105,3.6336756924992244
36,23,91.66666666666666,91.30434782608695,-0.36231884057970376,2735630,2025-03-21 00:00:00+00:00,no_patch_control,436.0,>180 days,,2024-12-31 00:22:30+00:00,79.984375,79.984375,0.7575757575757649
22,20,90.9090909090909,90.0,-0.9090909090909065,2746910,2025-11-06 00:00:00+00:00,no_patch_control,595.9286458333333,>180 days,,2025-08-11 09:34:03+00:00,86.60135416666667,86.60135416666668,9.276437847866418
23,33,91.30434782608695,81.81818181818183,-9.486166007905126,2746910,2026-02-05 00:00:00+00:00,no_patch_control,686.9286458333333,>180 days,,2026-04-29 06:08:10+00:00,83.2556712962963,83.25567129629633,8.695652173913047
60,31,93.33333333333333,80.64516129032258,-12.688172043010752,2770460,2025-04-05 00:00:00+00:00,no_patch_control,72.0,31-180 days,,2025-01-24 10:54:33+00:00,70.54545138888889,70.54545138888889,0.22988505747126453
26,20,73.07692307692307,85.0,11.923076923076934,2770460,2025-07-26 00:00:00+00:00,no_patch_control,184.0,>180 days,,2025-10-01 03:45:17+00:00,67.15644675925925,67.15644675925927,4.111405835543749
163,94,70.5521472392638,75.53191489361703,4.979767654353225,2776450,2025-09-20 00:00:00+00:00,no_patch_control,259.91744212962965,>180 days,,2025-07-20 10:51:04+00:00,61.54787037037037,61.54787037037039,4.810171601315915
86,36,90.69767441860465,83.33333333333334,-7.364341085271306,2788310,2024-09-25 00:00:00+00:00,no_patch_control,177.0,31-180 days,,2024-07-26 02:01:31+00:00,60.915613425925926,60.915613425925926,0.31305903398926205
26,20,92.3076923076923,95.0,2.6923076923076934,2788310,2025-02-05 00:00:00+00:00,no_patch_control,310.0,>180 days,,2024-12-03 07:34:56+00:00,63.684074074074076,63.68407407407406,3.525641025641036
113,95,84.070796460177,78.94736842105263,-5.123428039124363,2820820,2026-06-17 00:00:00+00:00,no_patch_control,511.45449074074077,>180 days,,2026-03-19 14:32:51+00:00,89.39385416666667,89.3938541666667,3.602046460176993
3986,2974,95.2584044154541,95.3261600537996,0.06775563834550269,2835570,2024-06-07 00:00:00+00:00,no_patch_control,64.0,31-180 days,,2024-04-04 21:19:18+00:00,63.11159722222222,63.11159722222222,3.290567773179518
1421,7075,95.6368754398311,93.78091872791519,-1.8559567119159084,2835570,2024-10-11 00:00:00+00:00,no_patch_control,190.0,>180 days,,2024-12-11 13:56:55+00:00,61.58119212962963,61.58119212962964,2.876798757552976
49,22,79.59183673469387,72.72727272727273,-6.864564007421137,2917350,2024-12-25 00:00:00+00:00,no_patch_control,78.0,31-180 days,,2024-10-09 15:40:46+00:00,76.34668981481481,76.34668981481481,8.100470957613823
97,40,97.9381443298969,100.0,2.0618556701030997,2929730,2025-01-22 00:00:00+00:00,no_patch_control,148.0,31-180 days,,2024-11-18 11:30:39+00:00,64.52038194444444,64.52038194444444,3.707375099127674
27,21,92.5925925925926,85.71428571428571,-6.878306878306887,2964410,2024-08-22 00:00:00+00:00,no_patch_control,78.0,31-180 days,,2024-06-06 21:31:37+00:00,76.10304398148148,76.10304398148148,3.0595813204508886
129,47,91.47286821705426,93.61702127659575,2.1441530595414946,3011360,2025-09-04 00:00:00+00:00,no_patch_control,64.0,31-180 days,,2025-07-04 07:35:38+00:00,61.68358796296296,61.68358796296296,4.823428079242035
49,35,91.83673469387756,97.14285714285714,5.306122448979579,3011360,2026-02-26 00:00:00+00:00,no_patch_control,239.0,>180 days,,2025-12-24 13:29:28+00:00,63.43787037037037,63.437870370370376,2.708719851576987
46,31,93.47826086956522,96.7741935483871,3.2959326788218846,3011360,2026-08-20 00:00:00+00:00,no_patch_control,414.0,>180 days,,2026-06-15 15:14:23+00:00,65.36501157407407,65.36501157407406,3.002070393374737
61,33,80.32786885245902,84.84848484848484,4.520615996025825,3028310,2026-01-28 00:00:00+00:00,no_patch_control,309.0,>180 days,,2025-11-26 10:37:55+00:00,62.55700231481482,62.55700231481481,8.683120158529988
69,38,78.26086956521739,73.68421052631578,-4.57665903890161,3028310,2026-07-22 00:00:00+00:00,no_patch_control,484.0,>180 days,,2026-05-17 13:21:19+00:00,65.4435300925926,65.4435300925926,6.83229813664596
38,25,92.10526315789474,92.0,-0.10526315789473983,3096620,2024-12-09 00:00:00+00:00,no_patch_control,127.0,31-180 days,,2024-10-06 16:40:22+00:00,63.30530092592593,63.30530092592593,0.5798394290811757
111,74,82.88288288288288,79.72972972972973,-3.1531531531531556,3109580,2025-05-24 00:00:00+00:00,no_patch_control,79.0,31-180 days,,2025-03-08 06:59:57+00:00,76.70836805555555,76.70836805555555,2.2377215925603053
86,70,69.76744186046511,85.71428571428571,15.946843853820596,3109580,2026-02-07 00:00:00+00:00,no_patch_control,338.0,>180 days,,2025-11-19 12:37:29+00:00,79.47396990740741,79.47396990740742,1.0174418604651123
25,24,88.0,91.66666666666666,3.666666666666657,3151760,2026-05-22 00:00:00+00:00,no_patch_control,183.0,>180 days,,2026-07-29 21:30:54+00:00,68.89645833333333,68.89645833333333,2.0
686,590,84.8396501457726,79.49152542372882,-5.348124722043778,3167020,2026-04-24 00:00:00+00:00,no_patch_control,190.0,>180 days,,2026-06-25 03:01:34+00:00,62.12608796296296,62.12608796296297,1.3668467984922614
50,21,80.0,61.904761904761905,-18.095238095238095,3177890,2026-02-04 00:00:00+00:00,no_patch_control,142.0,31-180 days,,2026-04-09 10:32:57+00:00,64.4395486111111,64.43954861111112,8.57142857142857
260,224,96.92307692307692,98.66071428571429,1.737637362637372,3177920,2025-04-18 00:00:00+00:00,no_patch_control,170.0,31-180 days,,2025-02-16 18:17:41+00:00,60.23771990740741,60.23771990740741,0.5816135084427714
431,423,98.37587006960557,97.39952718676122,-0.9763428828443494,3191030,2025-09-13 00:00:00+00:00,no_patch_control,190.0,>180 days,,2025-11-17 03:06:38+00:00,65.12960648148149,65.12960648148149,1.247932732790943
21,29,85.71428571428571,75.86206896551724,-9.85221674876847,3232040,2025-10-17 00:00:00+00:00,no_patch_control,183.0,>180 days,,2025-12-26 19:31:51+00:00,70.81378472222222,70.81378472222221,0.9523809523809632
152,128,100.0,100.0,0.0,3247500,2025-06-20 00:00:00+00:00,no_patch_control,85.0,31-180 days,,2025-03-29 14:19:53+00:00,82.4028587962963,82.4028587962963,0.0
74,64,98.64864864864865,98.4375,-0.21114864864864558,3247500,2025-12-05 00:00:00+00:00,no_patch_control,253.0,>180 days,,2025-10-04 04:06:45+00:00,61.82864583333333,61.828645833333326,1.3513513513513544
23,30,95.65217391304348,96.66666666666667,1.0144927536231876,3265060,2026-08-16 00:00:00+00:00,no_patch_control,303.0,>180 days,,2026-06-09 06:59:53+00:00,67.70841435185186,67.70841435185184,1.490683229813655
46,35,97.82608695652173,100.0,2.173913043478265,3288300,2025-11-15 00:00:00+00:00,no_patch_control,149.0,31-180 days,,2025-09-15 16:20:33+00:00,60.3190625,60.3190625,1.2743628185907028
707,675,91.7963224893918,89.03703703703704,-2.75928545235476,3314790,2026-06-13 00:00:00+00:00,no_patch_control,260.0,>180 days,,2026-04-09 16:43:30+00:00,64.303125,64.303125,1.0171017101710191
174,78,95.97701149425288,94.87179487179486,-1.1052166224580162,3339780,2025-07-23 00:00:00+00:00,no_patch_control,64.0,31-180 days,,2025-05-21 10:27:51+00:00,62.56399305555556,62.56399305555556,0.5224660397074246
25,26,80.0,84.61538461538461,4.615384615384613,3353100,2025-11-04 00:00:00+00:00,no_patch_control,85.0,31-180 days,,2025-08-12 06:56:16+00:00,83.71092592592592,83.71092592592592,6.111111111111114
67,45,92.53731343283582,95.55555555555556,3.018242122719741,3361510,2026-01-24 00:00:00+00:00,no_patch_control,135.0,31-180 days,,2025-11-18 21:46:41+00:00,66.09258101851852,66.09258101851852,1.1563802608578726
71,51,91.54929577464789,92.15686274509804,0.6075669704501507,3361510,2026-05-30 00:00:00+00:00,no_patch_control,261.0,>180 days,,2026-03-26 19:43:49+00:00,64.1779050925926,64.1779050925926,2.4188609920391997
324,300,90.4320987654321,93.66666666666667,3.23456790123457,3399950,2025-08-24 00:00:00+00:00,no_patch_control,177.0,31-180 days,,2025-06-18 05:08:19+00:00,66.7858912037037,66.7858912037037,1.5357727205116731
31,44,87.09677419354838,90.9090909090909,3.812316715542522,3411020,2026-02-18 00:00:00+00:00,no_patch_control,275.0,>180 days,,2025-12-09 15:17:32+00:00,70.36282407407407,70.36282407407407,3.3794162826420973
51,50,80.3921568627451,70.0,-10.392156862745097,3458620,2026-02-21 00:00:00+00:00,no_patch_control,85.0,31-180 days,,2025-11-30 08:54:05+00:00,82.6291087962963,82.6291087962963,6.0943296237413875
69,44,92.7536231884058,93.18181818181817,0.4281949934123759,3480990,2026-03-27 00:00:00+00:00,no_patch_control,142.0,31-180 days,,2026-01-21 16:40:19+00:00,64.30533564814814,64.30533564814814,1.0869565217391397
196,77,88.26530612244898,88.31168831168831,0.046382189239338345,3503440,2026-02-24 00:00:00+00:00,no_patch_control,225.0,>180 days,,2025-11-28 12:40:37+00:00,87.47179398148148,87.47179398148148,4.967776584317932
62,49,95.16129032258065,100.0,4.838709677419345,3553210,2025-08-09 00:00:00+00:00,no_patch_control,78.0,31-180 days,,2025-05-24 03:29:11+00:00,76.8547337962963,76.8547337962963,0.672043010752688
39,38,89.74358974358975,86.8421052631579,-2.901484480431847,3586660,2025-09-23 00:00:00+00:00,no_patch_control,71.0,31-180 days,,2025-07-15 07:13:08+00:00,69.69921296296296,69.69921296296296,8.314662683594719
62,54,96.7741935483871,92.5925925925926,-4.181600955794508,3617620,2026-03-03 00:00:00+00:00,no_patch_control,148.0,31-180 days,,2025-12-08 12:58:56+00:00,84.45907407407407,84.45907407407407,0.5376344086021447
954,679,93.50104821802935,94.55081001472753,1.0497617966981778,3631290,2025-12-27 00:00:00+00:00,no_patch_control,64.0,31-180 days,,2025-10-24 22:16:47+00:00,63.07167824074074,63.07167824074074,2.4051578070704522
84,50,97.61904761904762,96.0,-1.6190476190476204,3667230,2025-07-18 00:00:00+00:00,no_patch_control,65.0,31-180 days,,2025-05-16 07:04:07+00:00,62.705474537037034,62.705474537037034,1.32275132275133
227,96,92.95154185022027,95.83333333333334,2.8817914831130764,3689520,2025-07-22 00:00:00+00:00,no_patch_control,64.0,31-180 days,,2025-05-22 01:35:41+00:00,60.93355324074074,60.93355324074074,6.840430739109152
25,54,88.0,83.33333333333334,-4.666666666666657,3772810,2026-07-29 00:00:00+00:00,no_patch_control,267.0,>180 days,,2026-05-23 16:37:10+00:00,66.30752314814815,66.30752314814814,0.12121212121212466
68,58,97.05882352941177,98.27586206896551,1.2170385395537409,3832630,2025-10-03 00:00:00+00:00,no_patch_control,65.0,31-180 days,,2025-08-03 11:43:05+00:00,60.511747685185185,60.511747685185185,0.7672634271099668
29,45,96.55172413793103,100.0,3.448275862068968,3832630,2026-09-04 00:00:00+00:00,no_patch_control,401.0,>180 days,,2026-07-02 02:07:58+00:00,63.911134259259256,63.911134259259256,0.22246941045607116
91,70,97.8021978021978,94.28571428571428,-3.516483516483518,3839300,2026-02-19 00:00:00+00:00,no_patch_control,71.0,31-180 days,,2025-12-14 02:50:53+00:00,66.88133101851852,66.88133101851852,3.4625751606883597
32,26,90.625,96.15384615384616,5.52884615384616,3861280,2026-03-12 00:00:00+00:00,no_patch_control,226.0,>180 days,,2025-12-23 03:15:22+00:00,78.8643287037037,78.8643287037037,6.274224806201545
351,279,90.88319088319088,84.94623655913979,-5.9369543240510865,3925760,2025-12-19 00:00:00+00:00,no_patch_control,85.0,31-180 days,,2025-09-29 19:22:18+00:00,80.19284722222223,80.19284722222223,4.8545140348419125
97,97,80.41237113402062,84.5360824742268,4.123711340206185,3925760,2026-05-01 00:00:00+00:00,no_patch_control,218.0,>180 days,,2026-07-01 16:17:49+00:00,61.67903935185185,61.67903935185183,0.4123711340206171
22,31,95.45454545454545,100.0,4.545454545454547,4189910,2026-04-03 00:00:00+00:00,no_patch_control,113.0,31-180 days,,2026-01-18 14:49:11+00:00,74.38251157407407,74.38251157407407,2.351097178683389
