appid,patch_comparisons,mean_positive_pct_change,mean_negative_pct_change,mean_review_volume_change,mean_review_volume_pct_change
357330,3,1.5077710606165908,-1.5077710606165908,-5.0,-12.558758314855877
582330,4,-6.633260913714732,6.633260913714732,35.0,154.98803615739098
585020,3,-9.936260606646002,9.936260606646002,254.0,691.925925925926
589050,1,0.7142857142857082,-0.7142857142857082,1.0,5.0
600610,1,-10.058823529411768,10.058823529411768,43.0,172.0
615120,9,0.03217981958620126,-0.03217981958620126,20.88888888888889,80.02746587437306
659540,7,-0.2784917396049512,0.2784917396049512,-10.857142857142858,35.09123548409263
692890,17,1.2998332319460966,-1.2998332319460966,324.47058823529414,202.25188834984567
704000,1,1.912568306010911,-1.912568306010911,19.0,45.23809523809524
721700,1,10.689437065148653,-10.689437065148653,20.0,64.51612903225806
727130,11,4.694263737858985,-4.694263737858985,20.90909090909091,56.879607408904185
809310,1,14.718614718614731,-14.718614718614731,-12.0,-36.36363636363637
809540,1,35.42483660130719,-35.42483660130719,6.0,13.333333333333334
877010,2,-5.370370370370367,5.370370370370367,55.0,124.07407407407408
980210,1,14.21768707482994,-14.21768707482994,19.0,63.33333333333333
981430,10,2.9097492963115585,-2.9097492963115585,68.2,72.11837353951037
992300,20,2.1532850004091566,-2.1532850004091566,753.35,757.7208347856682
1016360,1,14.859043156224025,-14.859043156224025,71.0,54.19847328244275
1036740,2,-2.075311775930217,2.075311775930217,-113.5,-13.957509881422926
1043260,12,1.0049035111558393,-1.0049035111558393,98.33333333333333,309.21672369960726
1048350,2,-2.009602884476493,2.009602884476493,11.0,-7.655640618229091
1059980,5,-5.4174064146990535,5.4174064146990535,77.0,99.69094304388423
1063420,11,1.299240940283047,-1.299240940283047,176.45454545454547,132.92625867846243
1093320,1,1.9399249061326742,-1.9399249061326742,-21.0,-30.88235294117647
1098610,2,0.20562770562769828,-0.20562770562769828,-23.5,-36.471861471861466
1100930,3,8.122020638860805,-8.122020638860805,206.66666666666666,575.2741702741703
1124080,1,-4.0404040404040416,4.0404040404040416,52.0,144.44444444444443
1131240,7,4.0264859182983725,-4.0264859182983725,-2.857142857142857,1.861077245260154
1135810,16,0.9548916657546691,-0.9548916657546691,-2.625,44.163613899353955
1140150,15,-2.3874098990717005,2.3874098990717005,-1.2666666666666666,18.285056002907268
1147860,6,-2.4326824545924546,2.4326824545924546,-126.16666666666667,-23.010650316556234
1163740,1,0.0,0.0,44.0,176.0
1167680,2,-2.8230441230997414,2.8230441230997414,41.0,144.48924731182794
1168870,2,13.988665233535272,-13.988665233535272,66.5,195.7983193277311
1175360,3,1.2621872122071995,-1.2621872122071995,-12.0,-17.93899736878549
1184820,1,-1.825221238938056,1.825221238938056,-33.0,-29.20353982300885
1188930,22,-0.8931626114298697,0.8931626114298697,67.31818181818181,120.48012141349808
1189490,24,1.3604468133466152,-1.3604468133466152,107.95833333333333,34.10426076948679
1197260,23,0.4395464007910763,-0.4395464007910763,18.782608695652176,89.70393647172236
1220010,7,-1.075992853445937,1.075992853445937,473.2857142857143,255.66504431627664
1226510,2,3.432506100676271,-3.432506100676271,87.5,25.775673360616732
1227280,7,-2.197678501348999,2.197678501348999,58.285714285714285,88.44696189825329
1232580,10,-2.8051807931561954,2.8051807931561954,90.9,198.50246252464257
1245430,9,-1.8155673362912634,1.8155673362912634,35.888888888888886,116.02593054688133
1248800,1,13.8047138047138,-13.8047138047138,64.0,145.45454545454547
1253920,10,2.600023311057133,-2.600023311057133,640.6,714.5277424710621
1256530,3,0.23974105771341195,-0.23974105771341195,15.666666666666666,63.095238095238095
1260590,6,0.4441846978144568,-0.4441846978144568,86.0,218.09884559884563
1266430,2,-1.207922986507377,1.207922986507377,49.0,200.9746588693957
1266630,3,5.381004667055275,-5.381004667055275,89.0,176.8185483870968
1269710,5,-14.70472938163636,14.70472938163636,-1.4,-4.3197228695863075
1280930,17,-1.1987048824047373,1.1987048824047373,37.35294117647059,90.61162877332869
1285060,1,-3.7974683544303787,3.7974683544303787,48.0,154.83870967741936
1286580,9,0.6471317981618527,-0.6471317981618527,4.0,36.97425172754119
1290750,1,-5.0,5.0,-1.0,-4.761904761904762
1295630,1,8.3116883116883,-8.3116883116883,20.0,57.14285714285714
1296450,1,-7.045391255917565,7.045391255917565,106.0,392.5925925925926
1296610,17,-0.7110273646401637,0.7110273646401637,141.1764705882353,84.71718776460798
1296660,1,-22.419753086419746,22.419753086419746,-56.0,-69.1358024691358
1296830,7,2.5926465513716193,-2.5926465513716193,2667.1428571428573,2328.4491634437204
1299620,3,6.695168935302145,-6.695168935302145,-3.0,-7.828781561500456
1309510,1,12.056173820879707,-12.056173820879707,77.0,226.47058823529412
1311570,1,-2.5793650793650613,2.5793650793650613,-39.0,-61.904761904761905
1314770,1,-7.142857142857139,7.142857142857139,16.0,61.53846153846154
1323470,3,-1.5750594736068422,1.5750594736068422,-7.333333333333333,95.43127962085309
1332340,1,-10.239085239085242,10.239085239085242,-15.0,-28.846153846153843
1334500,1,-15.740740740740748,15.740740740740748,-34.0,-62.96296296296296
1338490,2,-2.083694083694084,2.083694083694084,35.0,125.9920634920635
1347970,4,-1.151411273124122,1.151411273124122,203.0,476.5858913275535
1367300,6,-6.327537559954766,6.327537559954766,121.0,293.8757503548316
1372660,1,-5.303030303030297,5.303030303030297,30.0,83.33333333333334
1375900,4,-3.4346283256940815,3.4346283256940815,13.75,32.009524402575025
1379600,1,-12.416197371949579,12.416197371949579,80.0,242.42424242424244
1385380,21,-0.990066634646323,0.990066634646323,156.23809523809524,164.90553820065892
1390700,2,-6.374304909710922,6.374304909710922,51.5,123.7215909090909
1393420,3,5.531347801276662,-5.531347801276662,11.0,34.226165447257024
1393570,1,-1.408450704225345,1.408450704225345,49.0,222.72727272727272
1394130,1,-7.834101382488484,7.834101382488484,4.0,12.903225806451612
1402120,5,2.8206111153178797,-2.8206111153178797,103.8,193.69013924054696
1404850,19,0.487942971832204,-0.487942971832204,12.736842105263158,36.67624439968168
1421290,6,-4.489639088785395,4.489639088785395,22.333333333333332,69.80643023015905
1425000,10,0.9524330651806409,-0.9524330651806409,58.8,121.7684108783146
1457080,2,4.62283759736281,-4.62283759736281,81.0,12.198795180722891
1461810,2,-8.413604350180847,8.413604350180847,2233.5,530.1602636962946
1473350,3,-0.5687993891724498,0.5687993891724498,819.0,3828.1949469564424
1479140,6,-1.6815432657264928,1.6815432657264928,-2.5,41.20178109353419
1487270,9,-0.052111262388475806,0.052111262388475806,-22.88888888888889,22.559189066435444
1491200,1,-16.360294117647058,16.360294117647058,-2.0,-5.88235294117647
1493520,2,-7.462451947746068,7.462451947746068,38.5,102.9983108108108
1494810,13,-0.7760059620702052,0.7760059620702052,42.46153846153846,121.69088663161091
1515640,2,-1.1614871151232151,1.1614871151232151,-42.5,-17.07324089523042
1518220,1,-4.999999999999986,4.999999999999986,-24.0,-28.57142857142857
1534980,14,-0.7308760517585579,0.7308760517585579,57.785714285714285,73.7000271729889
1535100,2,-2.2902097902097864,2.2902097902097864,19.0,92.04545454545455
1537480,1,-3.125,3.125,56.0,175.0
1543960,1,0.37634408602150415,-0.37634408602150415,-73.0,-78.49462365591397
1554970,1,2.668759811616937,-2.668759811616937,23.0,88.46153846153845
1569240,1,6.896551724137936,-6.896551724137936,0.0,0.0
1569580,5,-0.03764782090775043,0.03764782090775043,459.4,21.87298205500137
1573630,1,-7.228915662650607,7.228915662650607,61.0,277.2727272727273
1575830,1,-3.8818565400843994,3.8818565400843994,-19.0,-24.050632911392405
1579880,4,-4.553840868027525,4.553840868027525,-55.5,2.166838178543864
1589570,2,-5.852247441032482,5.852247441032482,89.5,104.36256781193491
1590160,1,-19.166666666666657,19.166666666666657,4.0,20.0
1608290,2,-0.18207667056861965,0.18207667056861965,271.0,229.44809255784867
1618380,8,5.047245545258994,-5.047245545258994,-9.625,26.849304255602217
1619570,1,7.573306370070782,-7.573306370070782,-169.0,-78.6046511627907
1625930,1,-14.502164502164504,14.502164502164504,-1.0,-4.545454545454546
1638390,2,4.5148335077244965,-4.5148335077244965,79.5,175.487012987013
1641240,1,-7.699805068226112,7.699805068226112,16.0,42.10526315789473
1646790,1,-11.785714285714292,11.785714285714292,46.0,191.66666666666669
1649630,1,-1.978021978021971,1.978021978021971,-9.0,-25.71428571428571
1664670,1,-7.6193438034520256,7.6193438034520256,159.0,269.49152542372883
1668290,1,-7.523403083700444,7.523403083700444,163.0,254.6875
1668690,7,0.06809636048002687,-0.06809636048002687,80.0,79.64472603933015
1674890,3,3.292083292647215,-3.292083292647215,31.666666666666668,209.19874556332357
1683100,1,-4.761904761904773,4.761904761904773,14.0,50.0
1689350,1,-3.631508678237637,3.631508678237637,72.0,205.7142857142857
1694420,8,-0.7950396445998571,0.7950396445998571,3.25,12.228368373046457
1698350,1,2.3228803716608724,-2.3228803716608724,20.0,95.23809523809523
1702990,1,1.6726403823177947,-1.6726403823177947,-12.0,-12.903225806451612
1709050,1,-3.7990196078431353,3.7990196078431353,-88.0,-64.70588235294117
1709900,7,-1.4081850990751283,1.4081850990751283,26.0,120.66933210366389
1710100,4,-0.1983400953970964,0.1983400953970964,183.0,213.8898312855309
1711610,3,8.106957163420452,-8.106957163420452,217.0,193.80649931108647
1717090,4,5.7780910507629955,-5.7780910507629955,-5.5,-14.219602977667495
1719040,2,8.920348920348921,-8.920348920348921,-19.5,-27.7027027027027
1721110,5,7.884929805128595,-7.884929805128595,427.0,309.2332521153531
1724770,4,7.608951032864081,-7.608951032864081,-36.5,-17.13646860385991
1739650,1,17.911646586345377,-17.911646586345377,-53.0,-63.85542168674698
1740720,8,-3.0513568624113674,3.0513568624113674,104.375,81.28469367061317
1755830,10,-2.1067997644147014,2.1067997644147014,133.7,97.66860661721326
1757300,6,-1.4576877704418483,1.4576877704418483,830.1666666666666,171.96337771382665
1761380,11,0.2920397358132986,-0.2920397358132986,38.09090909090909,85.99685913988334
1763250,6,-3.77142986622079,3.77142986622079,35.833333333333336,28.47443994212375
1766010,2,2.732786081842683,-2.732786081842683,2.5,-1.1084905660377338
1766390,1,-9.097547213647985,9.097547213647985,128.0,105.78512396694215
1769170,15,1.2864830906292732,-1.2864830906292732,-2.066666666666667,32.29601393085166
1779760,1,8.791208791208774,-8.791208791208774,2.0,7.6923076923076925
1782460,4,2.5043222535344114,-2.5043222535344114,533.25,581.2446386549719
1793330,1,-4.60662525879917,4.60662525879917,50.0,119.04761904761905
1803400,8,-5.585976856900087,5.585976856900087,30.0,113.50064662286576
1807090,2,3.6671087533156523,-3.6671087533156523,-1.5,-5.769230769230769
1808320,1,3.07692307692308,-3.07692307692308,-1.0,-1.5384615384615385
1811430,1,7.543520309477742,-7.543520309477742,25.0,113.63636363636364
1812060,6,2.459497808539647,-2.459497808539647,-15.0,1.0418946721161466
1815230,1,-5.660377358490564,5.660377358490564,22.0,70.96774193548387
1817500,1,-1.1196769456681466,1.1196769456681466,657.0,2737.5
1824580,2,1.7124982020731707,-1.7124982020731707,42.0,22.402143522833175
1830970,8,-2.415513326466712,2.415513326466712,31.875,140.485348419447
1833680,1,13.397129186602882,-13.397129186602882,16.0,72.72727272727273
1840790,1,-6.951871657754012,6.951871657754012,12.0,54.54545454545454
1842730,1,-2.148925537231378,2.148925537231378,40.0,137.93103448275863
1844130,1,5.2310374891020075,-5.2310374891020075,6.0,19.35483870967742
1847150,1,-43.236409608091016,43.236409608091016,198.0,707.1428571428571
1848710,1,6.883116883116884,-6.883116883116884,27.0,96.42857142857143
1855890,1,-8.496732026143796,8.496732026143796,-7.0,-20.588235294117645
1860600,1,-13.60294117647058,13.60294117647058,2.0,6.25
1863750,7,-1.0674016005843774,1.0674016005843774,-4.714285714285714,21.712042897550102
1865930,1,4.371201496026174,-4.371201496026174,7.0,11.29032258064516
1866880,3,2.0712467685024714,-2.0712467685024714,51.333333333333336,352.201112764493
1868140,19,-0.1931344279735724,0.1931344279735724,312.94736842105266,199.93974512742318
1877650,1,-9.375,9.375,7.0,28.000000000000004
1882040,2,-4.405285729811375,4.405285729811375,-6.5,89.55895589558956
1884750,1,-30.0,30.0,-10.0,-33.33333333333333
1889620,1,14.772727272727266,-14.772727272727266,2.0,9.090909090909092
1895820,1,-8.14581458145814,8.14581458145814,57.0,129.54545454545453
1895860,1,-5.555555555555557,5.555555555555557,48.0,200.0
1902300,1,6.976744186046517,-6.976744186046517,-21.0,-48.837209302325576
1902870,1,-1.8976423231742388,1.8976423231742388,-10.0,-21.27659574468085
1903560,1,-9.99198016914552,9.99198016914552,89.0,70.07874015748031
1904480,3,-0.9771767121097762,0.9771767121097762,105.33333333333333,11.52313735647069
1907000,1,8.169934640522882,-8.169934640522882,-2.0,-5.555555555555555
1907380,1,-9.514687100893994,9.514687100893994,25.0,86.20689655172413
1910780,1,10.073309801792007,-10.073309801792007,196.0,337.9310344827586
1911360,1,-0.6934481109516923,0.6934481109516923,-71.0,-46.40522875816993
1911610,8,0.2100985506940738,-0.2100985506940738,384.125,61.79905614474504
1914580,6,-3.9441572890751004,3.9441572890751004,57.166666666666664,79.87447127252224
1915510,10,-1.9035983795521474,1.9035983795521474,17.3,86.30460074496038
1919720,2,-11.643261887164321,11.643261887164321,31.0,140.36363636363635
1919750,1,-4.545454545454547,4.545454545454547,-17.0,-43.58974358974359
1929360,1,-2.470355731225311,2.470355731225311,109.0,473.9130434782608
1929870,4,-6.874801695809438,6.874801695809438,113.75,391.6604413982227
1929900,1,-13.043478260869563,13.043478260869563,20.0,76.92307692307693
1931510,1,-5.454545454545453,5.454545454545453,-2.0,-9.090909090909092
1934080,3,10.676256088020793,-10.676256088020793,-37.0,-10.079491255961843
1934100,1,-2.857142857142861,2.857142857142861,14.0,66.66666666666666
1938850,1,6.38297872340425,-6.38297872340425,-24.0,-51.06382978723404
1944570,12,0.050004721609911464,-0.050004721609911464,-30.0,153.27804362232925
1945230,1,12.659698025551677,-12.659698025551677,22.0,53.65853658536586
1948280,7,0.4148973378947147,-0.4148973378947147,578.2857142857143,455.98761167345
1951230,1,2.172442941673708,-2.172442941673708,-233.0,-68.93491124260355
1952930,1,11.2340425531915,-11.2340425531915,22.0,88.0
1955030,1,3.911564625850339,-3.911564625850339,111.0,308.33333333333337
1955830,8,-0.9240304929380692,0.9240304929380692,224.875,183.57647669789287
1969100,1,5.426356589147289,-5.426356589147289,16.0,59.25925925925925
1976230,1,-3.386809269162214,3.386809269162214,29.0,131.8181818181818
1979570,1,-11.363636363636367,11.363636363636367,-6.0,-21.428571428571427
1980770,1,0.6315789473684177,-0.6315789473684177,13.0,52.0
1989560,1,-18.253968253968267,18.253968253968267,-6.0,-14.285714285714285
1990110,6,-3.6182431786983877,3.6182431786983877,66.5,193.40373067719676
1993150,10,5.216415245358493,-5.216415245358493,26.1,33.60387946055393
1998450,1,-3.0570416174529242,3.0570416174529242,315.0,425.6756756756757
2002220,3,-6.948678223784744,6.948678223784744,-15.0,11.804625684723069
2003050,1,0.23027718550106613,-0.23027718550106613,108.0,161.19402985074626
2009380,1,0.0,0.0,0.0,0.0
2009860,1,1.4414414414414267,-1.4414414414414267,128.0,345.94594594594594
2010420,1,-2.040816326530617,2.040816326530617,20.0,68.96551724137932
2027970,1,-4.076367389060877,4.076367389060877,-13.0,-25.49019607843137
2050590,1,3.606719367588937,-3.606719367588937,50.0,56.81818181818182
2058570,4,-5.746843193215515,5.746843193215515,-20.25,-8.784645673081553
2061150,1,8.571828668452113,-8.571828668452113,272.0,195.68345323741008
2062430,4,0.012087611276889731,-0.012087611276889731,-784.25,3.9876136127780235
2071280,15,-0.3767727549357403,0.3767727549357403,154.46666666666667,118.27696997557064
2071430,2,3.3738191632928434,-3.3738191632928434,33.0,100.80645161290323
2072980,1,-16.666666666666657,16.666666666666657,-21.0,-33.33333333333333
2074480,1,-1.9607843137254974,1.9607843137254974,22.0,75.86206896551724
2078230,2,1.134079673799306,-1.134079673799306,200.0,143.3177570093458
2082410,1,-11.284371736860422,11.284371736860422,253.0,297.6470588235294
2083900,1,6.569543705332606,-6.569543705332606,73.0,214.70588235294116
2086140,1,-19.07934585099939,19.07934585099939,101.0,388.46153846153845
2088570,12,-0.5710928614437213,0.5710928614437213,157.58333333333334,87.82949360991495
2088650,1,-25.550497073306687,25.550497073306687,182.0,387.2340425531915
2092850,2,-0.016193432889153314,0.016193432889153314,157.0,448.8488488488489
2093910,5,-1.6134005788191785,1.6134005788191785,-0.6,1.7551230775574154
2094910,2,-8.560259274178776,8.560259274178776,-30.0,39.84802431610942
2095890,1,-0.9068627450980529,0.9068627450980529,-37.0,-43.529411764705884
2096510,2,-7.103082103082102,7.103082103082102,11.0,41.75084175084175
2097230,2,-2.0784837357664827,2.0784837357664827,-5.5,-9.02020202020202
2097620,1,-18.923076923076934,18.923076923076934,1.0,4.0
2099220,3,-2.7179269143554876,2.7179269143554876,13.333333333333334,64.44444444444444
2100050,1,8.108108108108098,-8.108108108108098,-7.0,-18.91891891891892
2100150,1,-23.151807934416638,23.151807934416638,199.0,368.51851851851853
2102320,1,9.235209235209226,-9.235209235209226,30.0,90.9090909090909
2103140,12,1.17308802936133,-1.17308802936133,376.5833333333333,419.0323190071001
2106670,9,-4.343883972466626,4.343883972466626,128.33333333333334,228.8980279800583
2111190,4,-0.5204842254847613,0.5204842254847613,-298.5,-5.908121070088839
2113040,1,-15.655544320862816,15.655544320862816,83.0,180.43478260869566
2118250,1,-6.507456460527678,6.507456460527678,180.0,418.60465116279073
2118370,1,-2.4020694752402107,2.4020694752402107,17.0,20.73170731707317
2118810,10,5.0500779094800885,-5.0500779094800885,37.6,53.4762454932809
2128270,9,-0.15213805121860308,0.15213805121860308,74.0,117.00054088244036
2129810,1,-2.8977272727272663,2.8977272727272663,-69.0,-41.81818181818181
2134560,1,3.9739636861938976,-3.9739636861938976,-118.0,-84.89208633093526
2138710,2,1.3318655323582576,-1.3318655323582576,35.0,17.097763159852963
2142300,1,0.5827505827505775,-0.5827505827505775,19.0,57.57575757575758
2144220,1,10.34482758620689,-10.34482758620689,6.0,20.689655172413794
2147530,1,3.1994047619047734,-3.1994047619047734,43.0,204.76190476190476
2151580,3,-5.259534817699627,5.259534817699627,64.66666666666667,316.5513827639851
2154240,1,-1.2365591397849443,1.2365591397849443,-89.0,-74.16666666666667
2158810,1,-10.0,10.0,0.0,0.0
2159900,1,1.7077798861480034,-1.7077798861480034,3.0,9.67741935483871
2185780,2,-2.7454991816693948,2.7454991816693948,212.0,467.37588652482265
2186580,1,11.0,-11.0,23.0,92.0
2191770,1,-1.1904761904761898,1.1904761904761898,64.0,320.0
2193540,4,-4.181215687252935,4.181215687252935,50.0,255.4732529353347
2196790,3,-0.9854512073338763,0.9854512073338763,-15.0,49.43845414753923
2198680,1,-7.017045454545453,7.017045454545453,298.0,1354.5454545454545
2199060,1,-10.909090909090907,10.909090909090907,-14.0,-31.818181818181817
2202770,1,0.5575095412706759,-0.5575095412706759,239.0,287.95180722891564
2206240,1,7.3476702508960585,-7.3476702508960585,23.0,74.19354838709677
2206270,8,2.34348253258897,-2.34348253258897,78.875,379.48527167277166
2211390,1,-18.689555125725335,18.689555125725335,6.0,6.8181818181818175
2216130,3,-3.939294104779402,3.939294104779402,149.33333333333334,407.49404972310595
2216660,1,-7.310306561242882,7.310306561242882,8.0,9.876543209876543
2218400,13,-2.6976263941515106,2.6976263941515106,65.92307692307692,147.91396801484933
2226700,3,3.4617419295312906,-3.4617419295312906,36.666666666666664,42.53260575099656
2226730,3,-12.470342620636197,12.470342620636197,199.66666666666666,190.8225154833682
2236590,1,1.5824710894704879,-1.5824710894704879,22.0,70.96774193548387
2246110,1,-10.290948275862064,10.290948275862064,-23.0,-26.436781609195403
2249550,2,-11.357253294372967,11.357253294372967,30.0,141.3170163170163
2251010,1,-6.252600915522265,6.252600915522265,-70.0,-39.325842696629216
2258890,7,3.5039386662431746,-3.5039386662431746,9.714285714285714,63.834361152604046
2263510,1,-4.761904761904745,4.761904761904745,0.0,0.0
2269320,1,-5.555555555555557,5.555555555555557,-3.0,-10.0
2269540,2,-1.3687733157779292,1.3687733157779292,11.0,61.20967741935484
2270750,1,-0.7692307692307736,0.7692307692307736,-12.0,-8.450704225352112
2273430,15,-0.07907432554280168,0.07907432554280168,301.73333333333335,102.5824981695828
2273980,4,1.6020725949924248,-1.6020725949924248,343.0,82.15439714705302
2278830,1,-10.810810810810807,10.810810810810807,41.0,124.24242424242425
2281650,2,-14.33371964560363,14.33371964560363,56.0,242.26588628762542
2281820,1,7.794117647058826,-7.794117647058826,-130.0,-76.47058823529412
2286450,1,-3.833333333333343,3.833333333333343,1.0,4.166666666666666
2286790,1,-7.5,7.5,-12.0,-37.5
2287150,1,-7.23684210526315,7.23684210526315,10.0,26.31578947368421
2288470,4,1.4003689309984466,-1.4003689309984466,132.0,62.756681166292154
2289390,1,-0.49813200498132915,0.49813200498132915,40.0,121.21212121212122
2289650,5,-5.884849372930688,5.884849372930688,4.8,166.42494391864224
2289750,3,-5.240739552327483,5.240739552327483,918.3333333333334,274.7114329389085
2296550,4,-1.4705788601300505,1.4705788601300505,34.0,118.96505376344086
2305500,3,0.9665704479147431,-0.9665704479147431,111.66666666666667,326.90306274159974
2305900,1,7.407407407407405,-7.407407407407405,11.0,40.74074074074074
2306530,1,-4.761904761904745,4.761904761904745,0.0,0.0
2311990,2,-0.07532550889418843,0.07532550889418843,99.0,281.7368421052631
2321210,1,-2.966164755029993,2.966164755029993,1504.0,376.9423558897243
2321350,1,-11.670702179176757,11.670702179176757,-11.0,-15.714285714285714
2325920,2,2.009454944867251,-2.009454944867251,110.5,53.136907399202485
2330870,1,-10.51212938005392,10.51212938005392,115.0,216.98113207547172
2332210,5,2.2172656821146774,-2.2172656821146774,-28.4,12.655743131413441
2332260,1,-2.32318017552916,2.32318017552916,20.0,13.422818791946309
2332410,2,-4.600886917960082,4.600886917960082,80.5,216.66666666666669
2334170,2,-4.235525608440909,4.235525608440909,229.0,179.2163437655241
2334500,1,6.451612903225808,-6.451612903225808,4.0,12.903225806451612
2335130,1,1.4640825784705953,-1.4640825784705953,-7.0,-6.9306930693069315
2336580,1,-2.6923076923076934,2.6923076923076934,71.0,355.0
2336730,1,-14.718614718614717,14.718614718614717,44.0,133.33333333333331
2340510,1,-3.513513513513516,3.513513513513516,-3.0,-7.5
2341760,1,-16.50246305418719,16.50246305418719,1.0,3.571428571428571
2342690,1,10.441767068273109,-10.441767068273109,53.0,176.66666666666666
2343920,1,21.673387096774192,-21.673387096774192,-1.0,-3.125
2348090,2,-1.1557693223486893,1.1557693223486893,72.5,300.4347826086956
2352040,1,2.1514629948364927,-2.1514629948364927,55.0,196.42857142857142
2354600,4,0.7384612835268989,-0.7384612835268989,23.0,58.61354148796249
2369950,1,-17.979094076655045,17.979094076655045,29.0,70.73170731707317
2372950,1,3.5714285714285694,-3.5714285714285694,-1.0,-3.571428571428571
2380320,1,-7.228915662650607,7.228915662650607,60.0,260.8695652173913
2388460,2,3.1150202256759663,-3.1150202256759663,11.5,2.78688524590164
2398430,1,-19.62962962962962,19.62962962962962,3.0,11.11111111111111
2400160,10,1.7409704994735535,-1.7409704994735535,14.3,85.94288289613311
2400960,1,1.602564102564088,-1.602564102564088,15.0,62.5
2404170,1,-1.8535681186283597,1.8535681186283597,140.0,538.4615384615385
2404510,1,5.391304347826093,-5.391304347826093,2.0,8.695652173913043
2406360,2,-15.186615186615178,15.186615186615178,11.0,51.73160173160173
2416050,1,8.695652173913047,-8.695652173913047,5.0,21.73913043478261
2421310,1,1.0716542398584608,-1.0716542398584608,-12.0,-5.853658536585367
2423300,2,-0.1867888319322475,0.1867888319322475,132.0,316.6304347826087
2424650,1,-5.26315789473685,5.26315789473685,66.0,227.58620689655174
2427050,1,30.53846153846154,-30.53846153846154,27.0,108.0
2427450,1,-13.772455089820355,13.772455089820355,137.0,456.66666666666663
2427700,14,1.272178836549827,-1.272178836549827,390.2857142857143,91.37622787809111
2435090,9,-1.8181402367697612,1.8181402367697612,41.0,112.49163774538728
2443090,1,31.596452328159636,-31.596452328159636,3.0,7.317073170731707
2447310,1,-7.407407407407405,7.407407407407405,5.0,22.727272727272727
2449080,1,-4.545454545454547,4.545454545454547,-1.0,-4.3478260869565215
2452820,1,9.523809523809518,-9.523809523809518,7.0,33.33333333333333
2455060,5,0.3963847806669435,-0.3963847806669435,48.4,196.39135177487304
2455920,2,-1.2696678321678263,1.2696678321678263,5.0,-0.8643617021276597
2457890,1,-0.33423126808339987,0.33423126808339987,-358.0,-69.64980544747081
2462570,1,-21.611721611721606,21.611721611721606,18.0,85.71428571428571
2464530,5,2.7577335009110384,-2.7577335009110384,230.8,559.9394185441531
2464880,4,-0.4752228654404327,0.4752228654404327,27.75,103.77831854595574
2481670,1,1.6918738784927143,-1.6918738784927143,-36.0,-43.373493975903614
2483730,1,4.278606965174134,-4.278606965174134,37.0,123.33333333333334
2488510,4,-11.344364773853082,11.344364773853082,51.25,20.64144016284621
2490160,1,-7.175324675324674,7.175324675324674,114.0,285.0
2494810,5,0.5276822630724667,-0.5276822630724667,62.0,196.479802955665
2499520,9,-3.209483439158796,3.209483439158796,54.22222222222222,113.86877284461826
2500460,1,0.0,0.0,26.0,92.85714285714286
2501600,3,-3.108097564890585,3.108097564890585,109.33333333333333,309.2556290014039
2506440,1,1.7213114754098342,-1.7213114754098342,41.0,204.99999999999997
2508890,1,4.347826086956516,-4.347826086956516,15.0,65.21739130434783
2510760,1,-29.613095238095227,29.613095238095227,11.0,52.38095238095239
2510850,1,-3.9215686274509807,3.9215686274509807,30.0,142.85714285714286
2516820,3,1.088222963222961,-1.088222963222961,12.666666666666666,71.62698412698413
2516990,1,-1.387631975867265,1.387631975867265,-37.0,-36.27450980392157
2517810,1,-17.89525936957061,17.89525936957061,-186.0,-78.48101265822784
2518630,3,-6.158826716585263,6.158826716585263,77.66666666666667,110.95408273770846
2523250,1,6.098339719029369,-6.098339719029369,89.0,329.6296296296296
2526880,1,0.37878787878788955,-0.37878787878788955,26.0,118.18181818181819
2527600,1,28.424976700838776,-28.424976700838776,-8.0,-21.62162162162162
2531940,1,-0.25529575030766694,0.25529575030766694,151.0,71.56398104265402
2536960,2,-12.595485210171248,12.595485210171248,121.5,261.3191489361702
2537300,1,21.66666666666667,-21.66666666666667,25.0,125.0
2542140,2,-8.701652704092396,8.701652704092396,49.5,108.92156862745098
2543510,3,-0.2614606435362437,0.2614606435362437,203.33333333333334,1.9750111749337258
2549380,1,-21.904761904761898,21.904761904761898,-99.0,-82.5
2563550,1,-25.38461538461538,25.38461538461538,45.0,225.0
2564520,1,-11.159844054580901,11.159844054580901,-22.0,-28.947368421052634
2569170,1,-2.2222222222222143,2.2222222222222143,1.0,2.857142857142857
2569330,1,-6.111111111111114,6.111111111111114,7.0,35.0
2574030,1,-9.920634920634924,9.920634920634924,15.0,71.42857142857143
2579550,1,0.0,0.0,-4.0,-16.0
2582470,1,7.384615384615387,-7.384615384615387,-14.0,-35.8974358974359
2591290,1,1.8181818181818272,-1.8181818181818272,2.0,10.0
2591360,1,4.388714733542301,-4.388714733542301,-4.0,-12.121212121212121
2598800,1,-1.943942133815554,1.943942133815554,51.0,182.14285714285714
2607260,1,0.0,0.0,-4.0,-14.285714285714285
2608350,4,0.20989408594095238,-0.20989408594095238,200.0,107.67823436083931
2615010,1,19.220779220779235,-19.220779220779235,20.0,57.14285714285714
2618840,3,-1.5697008149754812,1.5697008149754812,56.0,51.47509578544061
2621150,1,14.494983689296475,-14.494983689296475,325.0,105.51948051948052
2626860,1,-10.247747747747738,10.247747747747738,-50.0,-67.56756756756756
2630080,1,0.0,0.0,0.0,0.0
2633080,1,-0.39653929343906213,0.39653929343906213,108.0,284.2105263157895
2635500,1,-10.289855072463766,10.289855072463766,74.0,160.8695652173913
2643010,1,14.260249554367192,-14.260249554367192,65.0,191.1764705882353
2644610,5,-2.2112375900745347,2.2112375900745347,116.0,61.539936636437936
2645100,1,-12.5,12.5,2.0,9.090909090909092
2649800,1,0.0,0.0,-9.0,-27.27272727272727
2657310,1,-3.896103896103895,3.896103896103895,133.0,633.3333333333333
2666230,1,-12.638888888888886,12.638888888888886,44.0,122.22222222222223
2688680,3,-4.603860450816167,4.603860450816167,71.33333333333333,102.87385129490393
2688900,1,-2.5,2.5,-10.0,-25.0
2689470,2,0.810493057569829,-0.810493057569829,253.5,253.43624629338913
2692030,1,-5.833333333333343,5.833333333333343,-7.0,-17.5
2713070,1,-8.791523482245125,8.791523482245125,25.0,34.72222222222222
2715370,1,-4.549529359031823,4.549529359031823,171.0,743.4782608695652
2726450,3,0.2399552000412323,-0.2399552000412323,124.66666666666667,64.48517957138647
2726870,2,-12.128103036768998,12.128103036768998,33.5,50.656096227446696
2735630,5,0.6949277064151943,-0.6949277064151943,80.0,30.780968876973315
2741110,1,2.857142857142861,-2.857142857142861,15.0,75.0
2742830,4,-0.2092566894777086,0.2092566894777086,101.25,61.468273257812925
2746030,1,-12.5,12.5,17.0,54.83870967741935
2746910,3,0.9028893374675752,-0.9028893374675752,55.0,143.6687233032748
2750920,1,-9.523809523809533,9.523809523809533,24.0,114.28571428571428
2751120,1,-5.480682839173397,5.480682839173397,11.0,26.190476190476193
2752720,1,-7.977207977207982,7.977207977207982,315.0,875.0
2754370,1,6.363636363636374,-6.363636363636374,33.0,150.0
2757630,1,13.101449275362327,-13.101449275362327,52.0,226.08695652173913
2758280,1,24.20485175202156,-24.20485175202157,-17.0,-24.285714285714285
2760790,1,-2.6762661370407272,2.6762661370407272,-22.0,-10.377358490566039
2761610,1,-10.291689598238847,10.291689598238847,56.0,243.47826086956525
2769070,1,-22.716627634660426,22.716627634660426,162.0,771.4285714285714
2770460,2,2.016295292157359,-2.016295292157359,281.5,970.6896551724137
2776450,3,-6.7898611451577295,6.7898611451577295,287.0,319.13840330693756
2782530,2,7.500563952176854,-7.500563952176854,5.5,20.506912442396313
2784470,6,-1.6194550983797928,1.6194550983797928,1062.3333333333333,441.57721955107917
2784620,1,-0.2879929109437285,0.2879929109437285,-13.0,-17.56756756756757
2788310,3,-0.41573406532876334,0.41573406532876334,25.0,35.89898426854948
2797650,1,-0.3571428571428612,0.3571428571428612,36.0,180.0
2800840,1,-4.984636394673942,4.984636394673942,43.0,74.13793103448276
2803280,3,7.028398551387056,-7.028398551387056,-2.3333333333333335,2.1011396011396015
2811200,1,-4.048582995951421,4.048582995951421,12.0,46.15384615384615
2812610,1,-3.933220147142052,3.933220147142052,55.0,144.73684210526315
2815610,1,-10.952380952380942,10.952380952380942,-9.0,-30.0
2816940,1,7.456140350877192,-7.456140350877192,15.0,26.31578947368421
2820820,7,-1.438189453055626,1.438189453055626,197.71428571428572,106.86414352290568
2824490,5,-0.859521209108945,0.859521209108945,237.4,93.95883255108909
2824780,1,0.0,0.0,-1.0,-3.7037037037037033
2827200,4,3.3209144459633606,-3.3209144459633606,966.75,509.52355043238936
2827780,1,-7.285714285714292,7.285714285714292,22.0,78.57142857142857
2835570,2,-4.088369786398715,4.088369786398715,-6609.5,849.2628920341564
2842150,1,-11.570945945945944,11.570945945945944,227.0,709.375
2843640,1,-4.691904953685054,4.691904953685054,139.0,267.30769230769226
2850100,1,-33.075933075933065,33.075933075933065,16.0,76.19047619047619
2853160,2,5.1710866567457,-5.1710866567457,65.5,66.2423461166613
2856370,1,-8.333333333333343,8.333333333333343,38.0,172.72727272727272
2862890,1,14.992025518341308,-14.992025518341308,-100.0,-75.18796992481202
2868860,4,1.9203295385246388,-1.9203295385246388,95.75,29.79082821939965
2870150,1,-25.294365012615643,25.294365012615643,75.0,182.9268292682927
2870340,5,-3.128861525572785,3.128861525572785,157.2,178.3049356254514
2870430,1,4.465212876427813,-4.465212876427813,62.0,137.77777777777777
2881660,2,-7.8323256240876376,7.8323256240876376,-1.5,13.975817923186348
2881800,1,-9.403924472417614,9.403924472417614,-36.0,-49.31506849315068
2884590,1,6.009615384615387,-6.009615384615387,6.0,23.076923076923077
2891120,2,-2.551480504841088,2.551480504841088,27.0,29.13373860182371
2900530,1,-36.01398601398602,36.01398601398602,-34.0,-43.58974358974359
2909250,1,0.772200772200776,-0.772200772200776,16.0,76.19047619047619
2910990,1,-19.30147058823529,19.30147058823529,2.0,6.25
2917350,1,-7.945472249269713,7.945472249269713,251.0,386.15384615384613
2924580,1,-4.524886877828052,4.524886877828052,-8.0,-23.52941176470588
2929730,2,2.6156921298755336,-2.6156921298755336,139.5,184.6705046545811
2934220,5,-4.117322092221346,4.117322092221346,304.4,788.6290442165312
2942700,1,0.041254125412550025,-0.041254125412550025,77.0,320.83333333333337
2949320,2,-10.105825225322079,10.105825225322079,-541.5,-58.01538461538462
2951580,1,-4.623067010309285,4.623067010309285,163.0,127.34375
2952070,1,-15.0,15.0,-3.0,-13.043478260869565
2955220,1,-2.6881720430107663,2.6881720430107663,38.0,158.33333333333331
2958790,1,-17.46031746031744,17.46031746031744,6.0,28.57142857142857
2964410,1,-5.599817892101086,5.599817892101086,145.0,315.2173913043478
2974620,1,10.0,-10.0,-14.0,-35.0
2975180,1,14.880952380952394,-14.880952380952394,3.0,14.285714285714285
2979650,1,-28.33333333333333,28.33333333333333,-26.0,-43.333333333333336
2981070,1,8.409785932721704,-8.409785932721704,-41.0,-27.333333333333332
2996540,1,10.265700483091777,-10.265700483091777,13.0,56.52173913043478
3005620,1,-18.591318591318597,18.591318591318597,78.0,236.36363636363637
3011360,3,-1.1139169472502886,1.1139169472502886,55.666666666666664,188.43674843674842
3021630,1,-8.78252489559911,8.78252489559911,228.0,414.54545454545456
3024640,1,7.0023148148148096,-7.0023148148148096,-17.0,-20.98765432098765
3025160,1,-12.994350282485883,12.994350282485883,-26.0,-44.06779661016949
3026450,5,0.5704179229039312,-0.5704179229039312,116.4,103.21590766823356
3028310,4,-1.2750619617676726,1.2750619617676726,163.75,36.49839743589743
3032830,3,0.346082034656348,-0.346082034656348,10.666666666666666,82.26282761166483
3040180,1,-12.121212121212125,12.121212121212125,12.0,57.14285714285714
3040270,1,-5.128205128205138,5.128205128205138,19.0,95.0
3040560,1,-2.142857142857139,2.142857142857139,8.0,40.0
3045660,1,-10.989010989010993,10.989010989010993,67.0,279.16666666666663
3046050,1,0.0,0.0,-2.0,-9.090909090909092
3048660,1,-3.846153846153854,3.846153846153854,39.0,150.0
3052500,1,-14.476190476190482,14.476190476190482,29.0,138.0952380952381
3054210,1,2.0441271901362654,-2.0441271901362654,21.0,45.65217391304348
3054610,4,-1.0227940397772795,1.0227940397772795,47.25,116.14673370108153
3057190,1,-12.0,12.0,-25.0,-50.0
3057760,1,14.68531468531468,-14.68531468531468,-4.0,-15.384615384615385
3059390,1,5.027173913043484,-5.027173913043484,-9.0,-28.125
3063750,1,9.623015873015873,-9.623015873015873,-31.0,-49.2063492063492
3066570,2,-5.781806944923538,5.781806944923538,100.5,27.083333333333336
3074110,2,-2.6588178323900493,2.6588178323900493,238.0,889.3617021276596
3081280,4,-3.316121422940876,3.316121422940876,174.75,283.2712215320911
3088410,2,5.077292642442821,-5.077292642442821,5.0,84.70356646595647
3091390,2,-3.4599624254796737,3.4599624254796737,13.0,33.79310344827586
3093400,2,1.9211149127122553,-1.9211149127122553,303.0,196.70833333333334
3095600,1,-2.083333333333343,2.083333333333343,24.0,100.0
3096270,1,6.623063246126492,-6.623063246126492,3.0,2.4193548387096775
3096620,1,-1.0492332526230825,1.0492332526230825,-17.0,-28.8135593220339
3101770,1,-0.7575757575757507,0.7575757575757507,-20.0,-45.45454545454545
3107590,2,0.45454545454545325,-0.45454545454545325,-6.5,-21.666666666666664
3109580,2,7.56449597526796,-7.56449597526796,605.5,545.2486559139785
3112170,1,-1.7324093816631176,1.7324093816631176,45.0,67.16417910447761
3123120,1,0.7763975155279468,-0.7763975155279468,36.0,64.28571428571429
3128280,1,-17.58620689655173,17.58620689655173,9.0,45.0
3141720,3,-7.434147773130827,7.434147773130827,50.0,143.81313131313132
3145320,1,1.0218978102189737,-1.0218978102189737,117.0,585.0
3151420,1,-7.407407407407405,7.407407407407405,4.0,17.391304347826086
3151760,2,-2.999796118607996,2.999796118607996,-65.0,-42.25225225225225
3160160,1,0.0,0.0,-23.0,-43.39622641509434
3161850,1,2.4572649572649397,-2.4572649572649397,93.0,387.5
3162110,1,4.232804232804227,-4.232804232804227,72.0,133.33333333333331
3167020,3,-12.009053303780966,12.009053303780966,7542.0,12197.213853022062
3167970,1,-14.285714285714292,14.285714285714292,166.0,553.3333333333334
3176850,1,0.0,0.0,141.0,313.3333333333333
3177890,2,2.5867823765020006,-2.5867823765020006,412.5,1330.6451612903227
3177920,2,0.4268121229718673,-0.4268121229718673,242.0,216.71501302391664
3177970,2,-7.932508104921901,7.932508104921901,138.5,142.7777777777778
3180680,1,0.0,0.0,8.0,40.0
3183360,1,5.517241379310349,-5.517241379310349,4.0,16.0
3187880,1,2.735387273250794,-2.735387273250794,128.0,556.5217391304348
3191030,7,0.07233856530707986,-0.07233856530707986,780.8571428571429,561.5346355115408
3201010,2,-0.4372983057684543,0.4372983057684543,-15.5,-14.881756756756758
3201070,1,-17.803030303030297,17.803030303030297,1.0,3.125
3202950,1,-10.0,10.0,-13.0,-39.39393939393939
3206200,1,-6.7045017314351725,6.7045017314351725,134.0,145.65217391304347
3232040,2,0.7186298837152698,-0.7186298837152698,46.5,56.17647058823529
3234700,1,9.962049335863384,-9.962049335863384,3.0,9.67741935483871
3238670,7,7.223001765795049,-7.223001765795049,172.42857142857142,145.10735331740582
3241540,1,-3.024193548387103,3.024193548387103,1.0,3.225806451612903
3247500,2,0.0,0.0,49.5,190.47619047619048
3247750,7,0.14298396998400978,-0.14298396998400978,230.28571428571428,89.74203945732496
3265060,4,-1.3517281857463743,1.3517281857463743,158.0,82.66385661122501
3288300,2,-6.118385043067448,6.118385043067448,15.0,20.780399274047188
3292980,1,-6.5656565656565675,6.5656565656565675,5.0,22.727272727272727
3297050,1,-2.014652014652029,2.014652014652029,5.0,23.809523809523807
3314790,3,-3.6629936700729693,3.6629936700729693,789.0,39.78880725743204
3315330,1,-5.183019672330843,5.183019672330843,382.0,979.4871794871796
3324320,1,-10.487483530961796,10.487483530961796,83.0,150.9090909090909
3339780,1,-0.13080444735120977,0.13080444735120977,424.0,321.2121212121212
3343940,1,4.978354978354972,-4.978354978354972,1.0,4.761904761904762
3347620,1,2.1847690387016314,-2.1847690387016314,17.0,23.61111111111111
3349840,1,-2.7027027027026946,2.7027027027026946,9.0,32.142857142857146
3349850,1,-6.820276497695858,6.820276497695858,-4.0,-11.428571428571429
3349860,1,16.08695652173914,-16.08695652173914,-3.0,-13.043478260869565
3352240,4,9.391407437211322,-9.391407437211322,120.75,194.90563248474643
3353100,1,-3.8888888888889,3.8888888888889,144.0,400.0
3361510,3,3.69195145603211,-3.69195145603211,92.0,96.23278169473821
3363560,2,5.335252001541498,-5.335252001541498,6.0,43.529532403609515
3371510,1,1.309523809523796,-1.309523809523796,186.0,775.0
3380820,1,0.31746031746031633,-0.31746031746031633,-8.0,-22.857142857142858
3385370,2,-6.068754545843497,6.068754545843497,39.5,105.98935226264419
3393750,2,-6.341779135896779,6.341779135896779,92.5,88.90374331550802
3399950,6,-0.500298302026477,0.500298302026477,232.0,268.7756208112356
3405540,1,-19.64948453608247,19.64948453608247,47.0,94.0
3406850,2,5.324786324786331,-5.324786324786331,24.0,92.37891737891738
3411020,5,2.133711117278105,-2.133711117278105,103.8,283.81293386919987
3419220,1,-3.9551650125662547,3.9551650125662547,210.0,139.0728476821192
3427090,1,-10.181818181818173,10.181818181818173,8.0,32.0
3432500,1,-19.297235023041466,19.297235023041466,177.0,442.5
3439030,1,-10.094339622641513,10.094339622641513,33.0,165.0
3439320,1,-8.82352941176471,8.82352941176471,4.0,13.333333333333334
3442280,1,-1.503267973856211,1.503267973856211,11.0,32.35294117647059
3449040,3,-13.355126014908956,13.355126014908956,149.0,474.26767676767673
3458620,1,-2.5182325182325087,2.5182325182325087,371.0,143.24324324324326
3464970,1,-9.11184210526315,9.11184210526315,122.0,321.0526315789474
3469750,3,-0.23725316828765605,0.23725316828765605,86.33333333333333,72.20785440613027
3471350,1,3.1496919173613662,-3.1496919173613662,135.0,43.54838709677419
3480990,2,0.7022506811505451,-0.7022506811505451,182.5,159.58333333333334
3503440,2,-2.9715049440450727,2.9715049440450727,-168.0,-9.97212503205208
3519530,2,-7.954545454545453,7.954545454545453,51.0,335.1515151515151
3530490,1,0.0,0.0,3.0,13.636363636363635
3551370,1,-14.606741573033716,14.606741573033716,69.0,345.0
3553210,1,-4.872881355932222,4.872881355932222,306.0,637.5
3573070,2,-7.851865944496893,7.851865944496893,153.5,129.08256880733944
3574160,1,-14.23076923076922,14.23076923076922,-6.0,-23.076923076923077
3575930,1,-7.198748043818455,7.198748043818455,35.0,97.22222222222221
3585160,1,-5.229142185663932,5.229142185663932,-51.0,-68.91891891891892
3586660,1,-7.747466321151563,7.747466321151563,444.0,431.06796116504853
3617620,4,-0.9931744144424499,0.9931744144424499,85.0,136.238531157886
3619760,1,7.843137254901961,-7.843137254901961,-19.0,-37.254901960784316
3621050,1,-5.775266792215952,5.775266792215952,-5.0,-8.47457627118644
3631290,1,3.3152872337516754,-3.3152872337516754,3361.0,2302.054794520548
3640750,1,4.347826086956516,-4.347826086956516,10.0,43.47826086956522
3641420,1,-7.407407407407405,7.407407407407405,7.0,35.0
3649580,3,-7.703720682124572,7.703720682124572,215.66666666666666,155.07159078320592
3667230,1,2.484191508581759,-2.484191508581759,219.0,811.1111111111111
3667720,1,-8.695652173913047,8.695652173913047,-2.0,-8.0
3669940,1,-5.714285714285708,5.714285714285708,-1.0,-4.761904761904762
3686580,1,-9.620148637489677,9.620148637489677,75.0,76.53061224489795
3689390,1,0.42229729729730536,-0.42229729729730536,5.0,15.625
3689520,1,5.521541950113374,-5.521541950113374,382.0,353.7037037037037
3693590,1,3.41159207630227,-3.41159207630227,65.0,224.13793103448273
3693720,1,-2.439024390243901,2.439024390243901,-5.0,-10.869565217391305
3703380,1,0.0,0.0,0.0,0.0
3730600,1,16.368286445012785,-16.368286445012785,-11.0,-32.35294117647059
3734140,1,-27.02020202020202,27.02020202020202,14.0,63.63636363636363
3772810,4,2.766446619479261,-2.766446619479261,272.25,1425.5412016131322
3777060,1,2.922227335480912,-2.922227335480912,65.0,158.53658536585365
3818230,1,-3.7037037037037095,3.7037037037037095,39.0,92.85714285714286
3820810,1,-6.793478260869563,6.793478260869563,-9.0,-28.125
3822990,1,0.0,0.0,23.0,71.875
3828280,1,-4.0,4.0,0.0,0.0
3832630,4,-0.7069163505088731,0.7069163505088731,55.5,99.35489813868354
3839300,3,-0.02665073064723818,0.02665073064723818,47.666666666666664,41.3135593220339
3860590,1,-1.25,1.25,42.0,110.5263157894737
3861280,3,-6.018184371945073,6.018184371945073,69.66666666666667,468.3530931752546
3868720,1,-5.594405594405586,5.594405594405586,4.0,18.181818181818183
3890990,1,-10.256410256410248,10.256410256410248,19.0,95.0
3898150,1,-4.7937569676700065,4.7937569676700065,-30.0,-43.47826086956522
3912370,2,0.0,0.0,-2.5,-7.108721624850659
3925760,2,0.361955878553502,-0.361955878553502,130.0,43.71009490940466
3952930,1,-6.3218390804597675,6.3218390804597675,31.0,106.89655172413792
3956470,1,-8.006535947712408,8.006535947712408,2.0,5.88235294117647
3997630,2,-14.17834360904262,14.17834360904262,65.0,140.76628352490422
4066790,1,28.49509375303604,-28.495093753036045,78.0,55.319148936170215
4067130,1,-19.875776397515523,19.875776397515523,222.0,965.2173913043479
4152840,1,0.0,0.0,-17.0,-37.77777777777778
4158400,1,-0.529100529100532,0.529100529100532,147.0,350.0
4189910,1,6.896551724137936,-6.896551724137936,-4.0,-13.793103448275861
4209630,1,-11.42857142857143,11.42857142857143,50.0,250.0
