topic_id,label,topic_weight,author_playtime_hours,in_refund_window,review_excerpt
0,"Boss Design, Damage & Upgrade Difficulty",1.0,21.5,False,clicking not the play button makes the game play. this has lead to me not acitvating challenges enough to the point of frustration given theyre neccesary for the final boss.
0,"Boss Design, Damage & Upgrade Difficulty",1.0,0.12,True,"Bugged first boss, you cant kill him or harm."
0,"Boss Design, Damage & Upgrade Difficulty",1.0,2.07,False,"For how often the enemies are able to do brutal amounts of damage (200+) the runs just take too long. At some point there's nothing you can do even picking only cards of one spec. I'm personally very done dumping 2h into a run ended by ""yep there's no stopping me, I just get that..."
1,"Repetitive Gameplay, Grind & Pacing",1.0,1.47,True,"Boring, like every touhou"
1,"Repetitive Gameplay, Grind & Pacing",1.0,0.28,True,Boring af
1,"Repetitive Gameplay, Grind & Pacing",1.0,0.75,True,Too simple. Boring
2,"Flawed Design, Clunky Controls & RNG",1.0,0.5,True,Bad game
2,"Flawed Design, Clunky Controls & RNG",1.0,5.83,False,its bad game i dont like it
2,"Flawed Design, Clunky Controls & RNG",1.0,119.53,False,launcher bad
3,Early Access State & Content Scarcity,1.0,0.67,True,They abandoned the game in early access
3,Early Access State & Content Scarcity,1.0,113.92,False,Founder's Pack released when 1.0 of the game released lmao. ♥♥♥♥ the early access people. Guess they aren't finding enough to be founders.
3,Early Access State & Content Scarcity,1.0,0.42,True,"I really liked the first game, but this just isn't there yet. I know that it's in early access, but this one definitely needs more time."
4,Replayability & Co-op Friend Engagement,1.0,1.95,True,this game isn't fun
4,Replayability & Co-op Friend Engagement,1.0,1.35,True,I don't know why I thought this would be fun.
4,Replayability & Co-op Friend Engagement,1.0,3.08,False,This game has 2 states: 1. Fun 2. Shields
5,"Multiplayer Issues, Crashes & Dev Bugs",1.0,6.48,False,Multiplayer mode keeps freezing the program and crashing the game.
5,"Multiplayer Issues, Crashes & Dev Bugs",1.0,22.42,False,"I like the game, but  i cant recommond it.    Why?  Constant crashes that hasnt been fixed in over a year, eventhough lots of players have complained about it."
5,"Multiplayer Issues, Crashes & Dev Bugs",1.0,0.38,True,"Avertised as supprting dualsense controller, but it doesn't, cant even play it"
6,Art & Presentation vs Gameplay Loop,1.0,0.32,True,Artwork is OK but gameplay is very basic.
6,Art & Presentation vs Gameplay Loop,1.0,0.18,True,Ai art
6,Art & Presentation vs Gameplay Loop,1.0,17.52,False,"The actual feel of the gameplay is really unsatisfying. Hades 1 and 2 are both better games in every way, while Ravenswatch is a far superior game in both gameplay and its co-op aspect. If you've played both of those, this game will feel like such a downgrade that it isn't even w..."
7,Unbalanced Mechanics & Frustration,1.0,17.58,False,just not fun
7,Unbalanced Mechanics & Frustration,1.0,0.27,True,not fun all pvp
7,Unbalanced Mechanics & Frustration,1.0,0.92,True,not fun
