feature,mean_abs_shap
review_n_chars,0.46493286
lang_schinese,0.3669189
playtime_at_review_min_capped,0.2615643
author_num_reviews_log1p,0.12592441
is_english,0.12286878
price_usd,0.11866567
n_patches_before,0.11695448
days_since_launch,0.089827135
days_since_last_patch,0.08411249
days_since_last_sale,0.082770176
review_n_words,0.076142795
in_refund_window,0.07209703
author_num_games_owned_log1p,0.06285625
playtime_bucket,0.041301597
lang_brazilian,0.028231738
lang_tchinese,0.027157636
launch_week,0.02439217
written_during_early_access,0.023738258
lang_english,0.023220338
lang_spanish,0.022901045
n_sales_before,0.021339457
price_tier,0.020442633
is_prerelease,0.020363176
lang_other,0.016976215
lang_koreana,0.00869692
lang_french,0.0076581473
received_for_free,0.007459521
lang_japanese,0.0073423563
lang_russian,0.0037021893
lang_german,0.003581448
primarily_steam_deck,0.0019236247
is_free,0.00011507268
has_prior_patch,0.0
